"","(Intercept)","ENSG00000104951","ENSG00000163666","ENSG00000115155","ENSG00000137959","ENSG00000168003","ENSG00000198417","ENSG00000128284","ENSG00000133106","ENSG00000165949","ENSG00000243547","ENSG00000151883","ENSG00000147604","ENSG00000158604","ENSG00000162783","ENSG00000264943","ENSG00000146072","ENSG00000167601","ENSG00000122545","ENSG00000105246","ENSG00000181827","ENSG00000125844","ENSG00000180370","ENSG00000272398","ENSG00000169397","ENSG00000133574","ENSG00000064270","ENSG00000089505","ENSG00000105971","ENSG00000120833","ENSG00000136888","ENSG00000261150","ENSG00000087237","ENSG00000126709","ENSG00000184678","ENSG00000255423","ENSG00000163220","ENSG00000153823","ENSG00000102317","ENSG00000134107","ENSG00000254093","ENSG00000080824","ENSG00000047365","ENSG00000100079","ENSG00000169385","ENSG00000089692","ENSG00000188389","ENSG00000159189","ENSG00000215440","ENSG00000105205","ENSG00000274736","ENSG00000136999","ENSG00000131089","ENSG00000183087","ENSG00000128322","ENSG00000170476","ENSG00000015475","ENSG00000139970","ENSG00000164002","ENSG00000151553","ENSG00000186654","ENSG00000120539","ENSG00000174600","ENSG00000146070","ENSG00000169715","ENSG00000100985","ENSG00000277775","ENSG00000278828","ENSG00000184470","ENSG00000117697","ENSG00000172215","ENSG00000154174","ENSG00000114735","ENSG00000135469","ENSG00000108960","ENSG00000129538","ENSG00000197903","ENSG00000141664","ENSG00000090905","ENSG00000271321","ENSG00000122644","ENSG00000178445","ENSG00000170819","ENSG00000136213","ENSG00000122565","ENSG00000101871","ENSG00000140678","ENSG00000070756","ENSG00000158122","ENSG00000185946","ENSG00000188295","ENSG00000162825","ENSG00000039523","ENSG00000105851","ENSG00000023892","ENSG00000196872","ENSG00000104081","ENSG00000169429","ENSG00000166446","ENSG00000163565","ENSG00000010610","ENSG00000162430","ENSG00000240403","ENSG00000105516","ENSG00000165795","ENSG00000099783","ENSG00000182534","ENSG00000100918","ENSG00000078399","ENSG00000156521","ENSG00000178695","ENSG00000204256","ENSG00000182583","ENSG00000145354","ENSG00000105323","ENSG00000115350","ENSG00000163682","ENSG00000270882","ENSG00000089127","ENSG00000173482","ENSG00000239839","ENSG00000189013","ENSG00000129757","ENSG00000119729","ENSG00000129515","ENSG00000166845","ENSG00000223501","ENSG00000107902","ENSG00000150459","ENSG00000159461","ENSG00000151348","ENSG00000149516","ENSG00000057657","ENSG00000167074","ENSG00000215421","ENSG00000163599","ENSG00000156374","ENSG00000075651","ENSG00000132749","ENSG00000206503","ENSG00000100014","ENSG00000242110","ENSG00000269858","ENSG00000232160","ENSG00000141447","ENSG00000089041"
"adeno",-3.84626246032903,0.102437990234412,0.108335420269894,0.0214462214881861,0.0426579885055048,0.0711555447972054,0.127575983308134,0.101191691522777,0.0284176544708988,0.0552358983814937,0.0861086772576135,-0.0123797279411747,-0.0862655674456675,0.21299414174515,0.0505135041170049,-0.0244740262120361,0.0175440192456034,0.0624695343883684,-0.00217826025601828,-0.00454095140728104,0.104382260183709,-0.0418956101333339,0.00838098173182407,-0.0579229059119302,-0.0993764176094804,0.0866618025767071,-0.0511492396157036,-0.0249906364067293,-0.0207276391026258,-0.123570100599024,-0.0545929138374401,0.0831765918317131,-0.0279263570813109,0.0244045037061563,0.0691930441447767,-0.0410710573696962,-0.0286250624377296,0.0531910593834063,-0.0775987053870992,-0.210569445026537,0.151745434839104,0.0302792577475948,0.0895602179693367,-0.00922668673367143,-0.0259100478377305,0.0252633297359784,-0.0203166840633705,0.0418557469762715,-0.034300168050157,-0.115532618286137,-0.114502279294139,-0.00346972229109759,0.0528555786878224,0.011120884048966,-0.110025308742603,0.0658943857496234,-0.0294036076685292,-0.0574909988020244,0.0653550384870886,-0.0136162209762978,-0.095047369533266,0.0457269989722135,0.0602947462691201,0.010758168775521,0.0133896117987902,-0.0501202814034668,0.0842364061548102,0.139188499394854,-0.12744643865938,0.21161769952557,0.0439492334988016,0.181485247442461,0.148379183499804,0.0525597776594772,0.048607292822994,0.0503448997139347,0.0815398409128518,0.0898709170789796,0.1208441831217,-0.0143903732084668,-0.0780455317577967,0.0523654708974288,0.0487578929200973,-0.0746222839612174,-0.0822836180080473,0.0134673694495823,-0.0934060178380393,-0.0750985216880562,0.0401216780363557,-0.226402115214064,0.0991120997769951,0.237894487460902,0.0828326680392523,-0.0451608472280413,0.0714674669454077,-0.039118546541089,0.173664057646748,0.0526965306658104,-0.120813761551018,0.0174373559393002,-0.0189309746085486,-0.0151842854559938,-0.0455684023510304,-0.0641460231896534,0.00976447307795927,-0.228429672858472,-0.00278486897643955,-0.13141668480904,0.0267279430051942,0.00230870977141141,0.0743979223204143,-0.172894140964106,0.0694326548340354,-0.0892846258275274,-0.127919165290406,-0.134863838797884,-0.0389277725069532,0.107609011734641,0.0637851657151802,-0.0354160104354116,-0.0177483346165732,-0.0368169639084685,-0.0123416604539135,-0.108998217921607,-0.0762913467597057,-0.0152330232550002,0.0712167135475421,0.226582090784436,0.126468241483075,-0.119889398201167,-0.0763127787059201,-0.0606464393126685,0.0397717564287244,0.0497877161422155,-0.140449484058165,0.0218589315506883,0.04173120277461,-0.049226433598386,-0.136324905202922,0.0566516125153555,0.0946160057012446,0.0571581225395332,-0.0491375211803127,0.0950073171647208,0.00535976069519632,0.139258457468311
"ecoli",7.97088348423978,0.0986527339350821,-0.0483646764074689,-0.0409232252491655,-0.0364556818227486,-0.0661115246116309,-0.24419902013081,0.0513756883848341,-0.0559815313385673,-0.0703649773913311,-0.0916307777532215,-0.114804986667864,0.0222509578859134,0.584907033426637,0.0931406787008658,0.0511483010019015,-0.0766954435680838,0.112048706880604,-0.35312739948461,0.0439554943484468,-0.014583234642463,-0.264455381762963,0.0641402414390804,-0.0891988923768438,8.05553968447572e-05,0.000653291026867832,0.0159771722601957,-0.00166148456332527,-0.0392276890906659,0.0375306669919267,0.17952653624105,0.112368687797904,0.289979247068791,-0.0745896880141524,0.0133372012438294,-0.0819035110282776,-0.0956113505560457,0.000978119737409237,-0.170143456853857,-0.107983093959473,-0.0219455708258446,0.000986739762480183,-0.190879345277575,-6.74079619436969e-05,-0.034494245606078,-0.0961623638294277,-0.0832050362724087,-0.0187791897958288,-0.0748989543775753,0.026399560759803,0.070239891613041,-0.0685843057106005,0.192137894429781,0.0956944459956092,0.0485521974010992,-0.126223513058607,-0.0801305507329376,0.0447792585437849,-0.35734703029481,-0.102437843098198,-0.0360660942372142,0.328326927662114,-0.124976348221283,-0.0066964830886286,0.0433677408258606,-0.0940049656823734,-0.15663556959099,-0.0945971461897209,-0.205321153640684,0.644315071839866,-0.179446461050359,-0.28876849701788,0.288600387193122,0.0215463591143289,0.128631229374917,-0.135907069466545,-0.0258610336777751,-0.0435551376666012,0.0110273030892015,-0.0846323904864692,-0.0786605462120939,-0.0593487934482645,-0.122024838370442,-0.206237263588846,-0.133252768860267,-0.290121315879753,-0.0237968305839278,0.0690242449827608,-0.183321247893327,0.35005827957907,-0.416504188351629,0.0264569454169469,0.0552515904113342,-0.0322308966435942,-0.382677748407851,-0.04532094708579,0.133487277281034,-0.105602771121035,0.213344001502208,-0.131561502143266,0.138549258987923,0.244221533875254,-0.0921977289397273,0.145842619110889,-0.123257197664358,0.0397650497594351,-0.104814084180475,-0.280007487242368,0.0240332529525959,0.234809319807101,-0.0310300792453247,-0.183327374638503,0.0263670455319449,0.0227333495167228,-0.0300006673207409,0.540848508991192,-0.031627633303498,-0.0306982998754593,0.011933318233405,0.157283637900284,0.0225301854620491,-0.0583850199630869,0.167670771420497,0.00688820278636236,-0.120696290942437,-0.109239851975748,0.134390063786856,0.147688670065917,-0.061580171340893,-0.289125066487699,0.626786399236352,-0.0527362717789727,-0.262634684834801,-0.000442575460462848,-0.0220534612849807,-0.0491419314903316,-0.0921039439053711,-0.168085964236789,0.235610896144921,0.0319502874845391,-0.0233138375363361,-0.193161944389,0.200056357328176,0.0928075086750488,-0.107659556383252,0.312226492606895
"flu",-3.30490112430478,0.0849804808058475,0.133215403311377,0.0641197909034059,0.0413894864833247,0.253760496623126,0.231437573702474,0.0788495973417367,0.0134172154724685,0.0476502322225118,-0.0837047108529154,-0.0963556315030453,0.03769226707334,0.107362583830824,0.0604492415468787,-0.133258934105544,0.110970430592623,0.0773773944293013,0.0622517873958275,-0.0356182188491563,-0.0845929353163845,-0.0647377967164619,-0.278948247919357,-0.0285127453072999,-0.00641350668013602,0.201535126423238,-0.0261796308422408,-0.0870234193870291,-0.0174570620543352,0.0103623348558155,0.15025836553129,-0.0432609086768234,-0.0316359213240541,0.0787478353140171,0.0263519449171968,-0.136721020748676,-0.0231764790694924,0.0229911559964586,0.118991739181114,-0.0185403625728026,-0.0892701690140342,-0.0369365023597164,-0.0151534117223415,0.0256637648571793,0.0115160108325019,-0.0639191287784368,0.00923022512108844,-9.82798268375324e-05,-0.0255173960055435,0.049543970325745,0.0669119575051105,-0.0123470221608661,-0.0191982331383353,-0.0365621497194817,-0.0994207571113602,0.0058730242101318,-0.0126027301233598,0.00629618230984258,0.132348091288369,-0.138688031848038,0.0362075965597675,0.182065103174749,0.0973272527491129,0.0299419074280425,0.0907871887102351,-0.0233743174979138,0.00931563431846559,0.0336879110047843,-0.0898174202855244,0.324780451278673,0.043910598089214,0.122707394023042,-0.0349510794058799,-0.0318660313810942,-0.0490126883132399,0.00899511867425773,-0.0324700501087179,0.060322755126244,-0.228857668705703,-0.0263108493939726,0.00736798576497402,0.00396900155454901,0.0810060637378689,0.100962580706855,0.115785059343984,-0.0213845278239521,-0.0575855248587245,-0.359395422642857,0.183073900447879,-0.00746555117109817,0.15708527790667,0.0645296307070189,-0.0473956944276409,-0.138020331042986,0.149373374810627,-0.131178912162422,-0.0906639354975718,-0.00521713354966156,-0.112639756377887,0.0503919516583162,0.0482874096493593,-0.00633756867543989,-0.0120338713987352,0.0822830719047254,0.117901956528144,0.0425696116352408,-0.100065265827654,-0.00139503493732482,-0.0610330686876653,0.0449548070302494,-0.048471642195533,-0.0952778547711975,-0.110880880774964,0.018291224524757,-0.227501561895335,0.106510116684738,0.0486351741979774,0.013136874801078,0.0946367329941828,0.0397818257605157,0.0133361920553535,0.0253542234173072,0.0235461738479471,-0.158455743815502,0.178824067605033,-0.0679297609798908,0.0976220861632692,-0.0681199775858871,0.219999472021145,-0.0205044608190879,0.0201866668364886,-0.00784264092997495,-0.169108256936159,0.0380977388007759,-0.273025391271546,0.0525259257688753,0.147340707103557,-0.0486871750792024,-0.216023225341006,0.0415536694915517,-0.244195488322377,-0.0206283781398751,-0.0298828896574273,-0.0589077521623845,-0.0611791939128957,0.00785487598379889
"gas",6.09242993815519,-0.0368445529841908,-0.128951122513621,0.000935008754999774,-0.0369545305100313,0.0595164850318849,0.0651658673665556,0.0715947310946959,-0.104812323762333,-0.00741066337398911,-0.0187625873319733,-0.0771649930038699,-0.00876933446911152,0.841945882108327,-0.234888005914009,0.0693904768175902,-0.129471197852351,-0.201764166267221,-0.207043886890248,-0.0987230914958384,-0.0715256574406701,0.105722857303316,0.0104783787515274,0.18528329630686,0.0717332229449838,-0.103569338784472,-0.0499817938236922,0.0550287702391224,-0.0487385977862493,-0.167970979116253,-0.00974773453099632,0.113923528416271,-0.0569551077220572,-0.0266451910101276,-0.104021420463109,0.191768835321821,0.0956918887652812,-0.131059514730068,0.409616365988891,-0.0996412062127339,-0.205740011546483,-0.141580524690012,-0.172989066174324,-0.0284077716854299,0.00362493468865114,0.11312377252453,0.0763596958289235,-0.0503764984925328,-0.00535736742309005,0.134787577225069,0.0345106402396361,-0.0692774922852813,-0.172870380570081,0.148277726665858,0.037059172819162,-0.0364270593920956,0.135474323589894,-0.197110236574776,0.0232913084511033,0.146542301595882,-0.247123305987252,-0.159697230147707,-0.209391577927184,-0.155270039488849,0.030752872368974,0.0223136461414512,0.177457065872493,0.0954439236200211,0.158688256889312,0.262995661844622,0.0327934710657072,-0.187627029994355,-0.086144653775037,-0.0911330931896443,-0.212812246091546,-0.0496664698102862,0.0194860811507886,-0.184061591166714,-0.259245872202992,0.000246546561551164,-0.11952033781739,-0.134841263708652,0.0507684742569806,0.197357596981903,0.179053742018797,0.139330815013714,0.149989647813708,-0.173656528326776,-0.128685487200273,-0.392903796585373,-0.00214759801895929,0.0187150931155963,-0.0466010567438094,0.0848370986356668,0.38397448335792,0.0883348875089694,-0.0497165796520926,-0.0238051987824929,0.139186044147026,-0.22664020567832,-0.11977226306375,0.0622977656507797,-0.00931943430020047,0.0422230305864437,0.0115965094500916,-0.651596311410623,-0.0328684658284922,0.130564720672215,0.122341336091933,-0.0525665892972745,-0.147828794104661,-0.495111886217138,-0.158039744460775,-0.086619913028156,0.0321127388189218,-0.15581963635247,-0.00881273941403584,0.0700274549297033,-0.0792468416046458,-0.104433339366817,-0.00113236511702938,-0.0692699984050983,-0.129195791831704,0.175389564931629,0.00784648595722762,0.0669425719423873,0.731271000324325,0.00114322991266613,0.100677331442312,0.242670293225103,-0.30071123276882,0.126521000644235,-0.141195217493035,-0.00482059002381156,-0.136504153466848,0.0468317861978169,0.502102092329522,0.208223048496008,0.152499285045559,0.0845139532635222,-0.0749345647472551,-0.0517080682039787,0.158636091107413,0.14771323561001,-0.252439132422267,-0.174728452963159
"JIA",1.10833595217734,0.0994482198101283,-0.0958865919009012,-0.0317553646452964,-0.00986784354587791,0.0880387315178712,0.0872502330792447,-0.0384956178401631,-0.0938916519693167,-0.0457068104713749,0.182073203273775,0.317610663729229,-0.00634505464228485,0.0496860481203181,-0.102824394556864,-0.0174246717714435,0.108809558164339,0.0964402278610406,0.162466667964377,-0.0531756577623409,-0.0850263874524255,-0.0153142346318576,0.0430038085652192,-0.0521694287006514,-0.0754285151309081,0.0396074072705467,-0.053627336567241,-0.0676055204510308,0.00418614875997257,0.0992243525425909,-0.022725507270082,0.0592634561383923,-0.0557500177812655,-0.0115813790716933,-0.120563023684139,-0.223183576305538,-0.0623239892783481,0.021958546407208,0.0740781436517095,0.243766662831928,0.00768688462266029,-0.0341868647579132,-0.0168311478983487,0.0110541230313322,-0.115501834235449,-0.0559026791198206,0.0188651886594277,-0.0932816717102655,-0.00123665198884154,0.0378789030072606,0.0166107930805484,0.158271439185838,0.112808629729919,-0.193073387242808,-0.0368989194968682,-0.0799506733998723,0.122760976797434,0.104057651739506,-0.417527090128172,-0.0845586984765026,0.0637648238554823,-0.151554707986403,-0.0111180403727689,0.0297510141783503,-0.0748331954363438,0.00716505666132884,-0.130536519522485,-0.177135417382828,-0.00350851407122657,-0.129511999216592,0.0326320301745444,-0.0794961425011259,0.0240111235193331,0.0497708650304995,-0.0136701342295033,-0.120446755906996,-0.042187944678055,0.10752421774436,0.196601154384015,0.0199804206478596,-0.00105512174136387,-0.0117619574147617,-0.0480610970409978,0.0759208412497276,-0.00749084239735176,-0.000255169644296549,0.0145661005946191,-0.131389099380918,0.159133162221128,0.126915373837311,0.209616293901123,0.108786525242913,-0.0895252233805622,0.0949684886841013,0.0366942704878479,0.247866376025043,-0.127787499331085,0.0848270981612445,-0.118585716893476,-0.0649853886880244,-0.0163262906582929,-0.0897488550156274,0.0517635225125553,0.193626188947812,0.250218790267218,0.209708153929245,-0.00945683893817748,0.0748664900202363,0.0472773184891028,-0.0821235767454035,-0.0111199477981726,-0.0479705632730361,-0.100114324791155,-0.115661127189401,-0.125549082138194,-0.130394374776438,-0.0615707200654189,-0.100949956253517,-0.0794809753266866,0.148514103561753,-0.0330486405345235,0.0243846749367806,-0.020025255084683,0.114026818876315,-0.0469137088914455,-0.0581017915320511,-0.00390661239519954,-0.20828331264395,0.14040999827248,-0.29396603479106,-0.0852545371788758,0.0272545145180831,0.178826745290765,0.170383070612473,0.119233132762051,-0.0551062091266376,-0.273516365176165,0.0466258414880322,-0.000134698882768339,0.0218466781181963,-0.0298109064235066,0.0591097135129142,0.0534137979994687,-0.0726759041997484,0.2123571319621,-0.164232969121521
"KD",15.874091401298,-0.209370892508376,0.0649559504429996,-0.0500249890832038,-0.0196952499638379,-0.404406122159849,0.00224264894258791,-0.0625808104349909,-0.000911508082716995,-0.0567049728705314,-0.0252865869670139,0.150603631515326,-0.0575252611880463,0.184941484723634,0.0247959490427544,-0.0474117895991437,-0.0462210982912133,-0.0821984398878444,0.182266453354706,-0.058507368435451,0.0341113386420922,-0.174276107166866,-0.00845405317654719,0.0718129195144088,-0.0428752173742916,0.170731067792671,0.00728545250418495,0.130506209677757,0.155075608599529,0.121727860744378,-0.369386757110698,0.109005770428639,-0.0946602205503776,0.00341695193488461,-0.0875931836732849,0.215699777854174,0.0524273720566091,-0.0693310669442825,-0.348550652069804,0.0751523022922567,0.0104651915144177,-0.063779166470114,0.0531343728622776,-0.00741058335772129,-0.0493564397044901,-0.0404997479236755,-0.0996516284293923,0.0096467471940521,0.0689917824067744,0.198171494091516,0.168627725255817,0.0114215853834402,-0.173509065899051,0.0503084713258192,0.0999111380840663,0.128164132143756,-0.0740451931441506,-0.13219851311404,-0.0582293904136794,0.322925650940892,0.0528567413112304,-0.220436938715269,-0.0902752535343581,-0.0737103975964453,-0.0620098809523239,0.0510449093824486,0.0412052079509734,0.0923306502473469,-0.0475433633252096,-0.270277494006427,-0.0382099113946907,0.333773622592314,0.172073480736038,0.0671864553245863,0.34770311819178,-0.0784322352788597,-0.0855912632174661,-0.116309081373429,-0.502187775798261,-0.0536676390124452,-0.0725967885748923,0.100527608803856,0.0594060713042283,-0.0403159065964066,-0.177125817779466,-0.087105576860447,-0.0425071702685006,0.00392133469566376,0.00506274266764034,-0.166903358918664,0.268096672345988,0.289791481942276,0.0165950000444627,-0.0109191654800969,-0.111279385791463,0.0774906003938328,-0.224644215738162,-0.0226147462113755,-0.218867777009231,0.00567524158043441,-0.0573645509912879,0.128597937116923,-0.0527447043454558,-0.0753211270110745,-0.0118872465052659,0.0660212946905484,-0.0384812744313402,-0.147829158958167,0.17070352880138,-0.223384543385007,-0.0140751343575494,0.0308233101172272,-0.138524413862189,-0.0217637821745677,0.0283508039043732,-0.587727345726088,-0.0170011465224075,0.0835328203665781,0.0112384452332272,-0.250123643350509,0.0333165210575656,-0.0508364882585899,0.109231586895155,-0.165023361967092,0.105487079648862,0.00844437243554398,-0.423087269650464,0.0393266997599266,-0.232013278047487,0.153595881743558,-0.667922609050161,0.0472043133778596,-0.11823655868486,0.0779416965750053,-0.451849203709647,0.0384849266127626,0.0210276775316917,0.0338252689908882,-0.100383182071427,0.112149137374943,0.366557411004638,-0.020231067814366,0.611462314524123,-0.0849385142079318,0.0933170764062294,-0.141821731632703
"malaria",-10.7598190228487,0.0847232819518321,-0.0718745120386796,0.0141912897467479,0.0248363192547798,0.0119701089873932,-0.121386591465714,0.138796944210178,0.0838289700861424,0.0109026393466747,0.149812294572289,0.0218633120652477,0.115925920850072,-1.03394217702641,-0.00241645634409749,0.0546866526744542,0.0887427830672192,-0.176236070258362,0.0731519305640809,0.0753520714876723,-0.0401735741348838,0.317463905324417,-0.00768298673648601,-0.0889402149095686,-0.0696874162934582,-0.0300816272732064,0.00150420801731245,-0.0679218998058121,0.0132799589796851,-0.179189731849758,0.161618419359891,-0.237184029558338,0.0432747017065272,0.00236781946804455,-0.0275979971026565,-0.0434988755589556,-0.0131749713308606,0.0323263687416931,-0.0155288638992747,-0.103475881789895,0.0101499114200259,0.102463822329223,0.0397466794212727,0.0273599004168078,-0.0345744284988787,0.152357908957045,0.0564201375563346,0.0611252841708376,-0.183892653202616,-0.0433552455300073,-0.0404845312499669,0.0284610607968994,-0.163044291964298,0.0818418710916592,-0.0654923276175652,0.00857682067640805,0.0410933774539485,-0.013451513500522,-0.0714693638901474,0.0875726835306231,-0.000771320981394136,0.0299702047155495,0.0689362799201636,0.0176985150544902,0.0532096340628648,0.037419865624331,0.0304100350659974,0.00647352453013168,-0.0253157980536186,0.22818747780459,0.138497271336231,0.144290936890992,-0.229677287428411,-0.0123595966107287,0.0564597263381553,0.00845683687054227,-0.0818420612712968,0.0923457874189194,0.305102574155427,-0.110824286628284,0.122728845672169,0.0638012152831804,-0.0266384623245375,-0.0674820590135486,0.0754347865820139,-0.0919430443979896,-0.0235055041090534,0.0231639046003072,0.14494831509118,-0.0429029942750433,-0.232624737385464,0.108028922920234,-0.144661312864464,0.0863525828777215,-0.399752841343285,-0.0598728051296053,-0.133421732035338,0.0164931789126131,0.246185840991314,0.0379771416980625,0.0783491728489193,-0.133557907842127,0.116250428166007,-0.305676858662772,-0.179845194510391,0.387397745839908,0.0602876986686495,0.0797046538964582,-0.0614896963335563,-0.11999912157692,0.0365522962073811,-0.0726250437027567,0.0130278046916557,0.135620132699757,0.231844894640147,0.197084718030178,0.0918257887564736,0.0310242183663889,0.0921111363974249,-0.0816524757643089,-0.0105879228146228,0.135394521692579,0.0731713429958397,0.153818959131022,0.174248074850514,0.135893062642323,-0.122017905084963,0.110135653395071,-0.260529583019116,-0.185488461591121,0.597450335897488,-0.0087649810248982,0.166542820134015,0.0101926414480157,0.44591605359184,0.163657073131653,0.0416839315528598,0.00871989183818211,0.0243714087911854,-0.216779376198187,0.0274871455190345,0.0380042806707129,-0.416706170099086,-0.0963740772220239,0.024521652234911,0.286854681803292
"meningococcal",1.08628112631196,-0.140360008361582,0.0110305893040957,-0.0462014716080474,-0.0655981199333233,0.171367719939391,-0.205072230380969,-0.115318873546148,-0.103324304884689,-0.00888970926395039,0.135024066588193,-0.088444564870068,0.013672767540339,0.383597184767123,0.557557251145402,0.0854425505772698,0.160450486937662,0.0801899758965622,-0.0129301822462366,0.222088167959068,-0.116862714681382,-0.000764080543393238,0.103090944422192,0.0584558112002437,0.00925009728725041,-0.154175134525644,0.0168473312969498,0.0177041093601763,-0.183984002395275,-0.198199269634214,0.0617547275799354,0.00592368973797117,0.0583061445523911,-0.0605458506030289,-0.201882914642163,-0.0274501280707349,0.0508497716312269,0.00956571103240955,0.196759639844992,0.118244911022597,0.116589241246387,0.18136515417311,0.116077911546002,-0.054186969466965,0.0281812016725877,-0.0385160501848198,0.00677356923112197,0.176244371804053,0.0431236409368423,-0.220442822683405,-0.10864237110601,-0.0632088717664963,-0.013076959054197,-0.20285218291803,0.20895292166441,-0.00146703272887804,0.253752717547249,0.0321784056672998,-0.042877092744769,-0.198684046467683,-0.0309511453633355,0.141699936378582,0.116829033289689,-0.146092969813358,-0.14990077004864,-0.0319548789848399,0.0210353862447224,-0.0323305280007371,0.523495594202549,-0.362958396112024,0.0205595794550859,-0.269392830766161,-0.199703930964452,-0.158346887047605,-0.295129212137618,0.131987951349123,0.0106236343940226,-0.0382917134605977,-0.0515993387649496,0.113797074286283,0.11305313056245,0.00454816140351805,0.0180995486282529,-0.150220693918267,0.15813524256356,0.238581146638546,-0.0192509242847551,0.0737471832437122,-0.101763596107993,-0.0900499698980363,0.361607101675186,-0.0416200501409294,0.0602449084774867,0.12278489836367,-0.116332826544544,-0.118137188719222,0.168881484098312,0.010543801752806,-0.0825229133539377,-0.0401607100295882,-0.0360142079263733,-0.247906966641601,-0.0552364795907201,0.0332142700370744,-0.119707677685175,0.201988353745491,-0.0417949890094595,-0.0672035548119859,0.0671484878841965,-0.0113482460122482,0.0926299280663107,0.275754876584732,-0.123752863660164,-0.125857191298391,-0.0565709582811965,0.246867950834744,0.0189599007685208,0.0164098652549866,-0.0386883154597983,-0.0349046945479227,0.00414667929426106,-0.017080581920636,0.0344582640980797,0.0215894830633311,0.169418778994397,-0.0825433367547395,0.143486737976343,-0.317171768868053,0.130933304002225,-0.32621861358584,-0.639768353393701,-0.065848409863956,-0.00293819914402339,-0.0606605844766023,-0.177792798344833,-0.0320660347731038,-0.124422911018065,0.0434444286654964,0.17726062007268,0.0389288094050406,0.0688921117562616,0.203326685560913,0.0625715406545268,0.101951748991276,0.0258333565174534,-0.122095431479428
"pneumo",6.06758879749114,-0.0940463983978332,-0.142582030586222,-0.010547869334545,0.01625817602574,-0.118610231734798,0.126505662676972,-0.0946692461706645,0.0749501716642772,-0.03675183801039,-0.165228672538382,-0.150657923483828,-0.0514967761406078,-0.418902692533332,-0.202155397310026,-0.0253856641667752,-0.217314144861532,0.0203864089747617,0.110562659173867,0.00366592263542025,0.217999732612894,-0.0239969514262316,0.139597126541094,0.0431874708505176,0.117788786540091,-0.264944150807576,0.151864130690263,0.0472085298791054,0.01271065327241,0.0270552304859594,-0.0478613370343544,-0.098803985236361,0.0561706350466832,0.0600623551683526,0.124121948437374,0.111216246771149,0.0371131564669543,-0.0647854765526636,0.0522722607754867,0.294490128840946,0.137276288390081,0.0438162941542715,-0.439087117667385,0.0460085254381174,0.0390697672144082,-0.0250977621893437,0.0167627835953362,-0.0480136422701993,0.160846580494647,-0.283911237673151,-0.169069895230032,-0.0180160997756396,-0.143921166612279,-0.0541716255480005,-0.054378342619486,0.0259854148580722,-0.212033337365675,-0.045340821086778,0.227578277208263,-0.000295501022270119,-0.0681637542882772,-0.396472798794375,-0.0354782583215332,0.0104685878185868,-0.0554117136334565,0.0377033850390119,-0.0286870474254402,0.145963477706315,-0.375981024662564,0.0256655588579668,-0.0590472900851014,-0.00487646324031028,-0.215234556109472,0.154933478673214,0.0580273813126367,-0.0151262608763164,-0.0778782669207926,-0.109218371175864,0.467553536472976,-0.143788381768387,-0.0989484566371814,-0.0627936881540082,-0.0886665055360417,0.149410394489891,-0.0991893063747339,0.0890385688174768,0.0489476003775392,0.385784397965973,0.114701408207305,-0.0724033638775203,-0.349858090352037,-0.122177997109784,0.0881652070986481,-0.201942852300149,-0.0576383491428451,0.0127767434852486,0.155474419073733,-0.0512624986537531,0.237089986584801,0.119079669675301,-0.146322547131913,-0.0624218288825581,-0.0101903344416823,-0.149587905676591,0.18811228575102,0.0155536341953471,0.0613542302573104,0.0284769574910247,-0.0970573533620192,0.156036124331753,-0.103237523824235,0.226679982176788,0.50381763287863,-0.0329114658239368,-0.0159469243661885,0.321427868949616,0.0336651711239484,-0.0598677935972755,-0.0623838271158362,0.345540652506333,-0.0210042823985746,0.0424372272768901,-0.013445450292968,-0.163971536069011,-0.185956035683016,-0.0632916184991354,-0.352678611881978,-0.402072770196146,0.106164955707336,0.500692495511778,-0.0906889395194544,-0.00330214752438439,0.00139079564974628,-0.117636685667749,0.307178082753424,-0.156843926850936,-0.108481072856988,0.126248610701477,0.0946433344872164,-0.131503305771872,-0.130274571967067,0.207856872967282,-0.0734731126437092,0.231303937880279,0.0322904172226172,-0.00294321926086567
"rhino",-8.95319618608,-0.074136538937229,-0.012334645394099,0.00674423621036923,-0.0238389854646786,-0.0953618657980584,-0.109664044325781,-0.125921581846118,-0.041032057895623,0.0170936827273225,-0.194591547509974,0.143360398137038,0.0984152433674369,-0.0643682797253383,-0.197095655867726,-0.123574540860083,-0.0664472992554539,0.0555656461403084,0.122938300022765,-0.0210807010003713,0.096650094308166,0.0753654474215078,0.028315553359137,-0.0405164021241266,0.017014556361027,0.140239934718444,0.0474265607292852,0.00512737795400711,-0.0374560038182944,0.0255059514485063,0.0206197422271432,0.0492795560234127,-0.15004665093489,-0.0766860960609665,-0.132541420659076,0.147206744272759,-0.0122605328185321,0.0492870379721211,0.0188696560175774,-0.0897476623233148,0.18457774429219,0.0117716862527207,0.0289413483871098,0.0331178382442519,-0.0553197584518066,0.00703184576303802,0.0819257459790097,-0.0404090524184753,0.0468779961945339,0.0375709299895854,-0.00377000773120041,0.0356519034255442,0.0262406827325779,0.0799562209333497,-0.0181025435849071,0.0618371832450898,-0.0894277993015477,0.0329255894643682,0.184477915032997,0.0683757425435488,0.0781772416220437,0.174112854428282,0.145337908605226,0.123153851921922,0.0040180537043697,0.00141671181348176,0.0332970023899613,-0.100515388754894,0.00498045389864102,-0.163119227953604,0.038262043225887,0.16755836460653,0.128055047807787,0.018283437312376,-0.14443651540151,-0.0423930962343222,-0.00641176440326432,-0.13742695589501,-0.200019333920934,-0.0705430734012344,0.100348708603007,0.0873874311781858,0.0335627740277532,0.0563076478324456,0.159639302823655,0.156997357298398,0.0822846996294631,0.111730510935667,0.0454477763148202,0.0230979337683565,-0.0287847188972466,-0.00681510288251955,-0.045607439671689,0.00461357563723317,0.208831667321348,-0.00258463507317456,0.0744121958532861,0.073252639796529,0.10604124155032,-0.0545116767578364,0.0525548543775009,0.0463722001317856,-0.0610980613199479,0.00859804504133219,0.137098363593114,-0.384852566075984,-0.0671087840660621,0.0393436770244179,-0.0709573689056667,-0.086464541595488,0.0357077496718855,0.485732457028858,0.0639217254202429,0.0829043330260742,0.178500393995417,-0.151582508312816,0.0371760146837988,-0.105120696515553,-0.0432322734671394,-0.0856725462032458,0.0225655210255181,0.0646683968319441,-0.0264137437047955,0.104866296301379,-0.0654369466727804,-0.0930534565980384,-0.079648627359639,0.204355649421679,-0.336009685838488,-0.370999974393979,0.0516241850248342,0.0109012317110002,0.177559245876769,0.0903231233180935,-0.101376282944972,0.0138903630494753,0.0279215849861885,-0.0352865439296805,-0.0766957142363255,-0.117275675975657,0.244121307302894,-0.0177564589782175,0.23465058667329,-0.157194187966624,0.126504311190457,0.0433181583787673
"RSV",-7.29799927379683,0.0457651753081986,0.0413485079506743,0.045460958496327,0.0363545572884571,0.0696026691379423,0.0360475113487825,-0.00702460239887985,0.0387809043355307,0.0888242130739009,0.0385068281406797,-0.0859790132679708,0.013273628486179,-0.175008130361035,-0.146985972904933,0.0647883783938899,0.104148605372268,0.115101398810967,0.0582863993534047,-0.0378379731780465,0.127907944458265,0.064234774770857,-0.00923206755963707,0.0886254542383506,-0.0166167533458852,0.125572033744686,0.03657983601936,-0.0840082769025985,0.0329707187426473,0.0840443052170299,-0.00476409838196313,0.0823670364928388,-0.0666706525957044,0.0377057372509434,0.130252692449136,-0.130855929025942,-0.0188938598859406,-0.00355467237993713,-0.0277158864430306,-0.0945145906048799,0.0832726598956014,0.0370162921205789,0.00652329465000255,0.00363385592483751,-0.0431245434338885,0.0109582791602451,0.0225014127310431,-0.0261485495260893,0.025249313576697,-0.0268053645377492,-0.036954265984135,-0.0424744069148053,0.0655596492434389,0.0385888096322122,0.0765314420681577,0.0263966994295484,-0.234327196343917,0.039401430615969,0.0546910648450195,-0.0202136583353317,-0.008432389984772,0.14686806298404,0.0349996456119678,0.030662904602258,-0.0236425738256018,0.0232817511060516,0.0344895367362929,0.00300506237568348,0.0636003476422026,-0.239133729226534,-0.0525286026759379,0.120683467431229,-0.243797070178703,0.0432575288714193,0.13169183586862,-0.049952819743096,-0.0113491583563709,0.0691399599951331,-0.0255469334304096,-0.0230345804828942,0.0766471883627644,0.0239159888710625,0.0275168138664193,0.0339903717996282,0.144961366976479,0.112026746788325,-0.00437628268070226,0.0567391919140107,-0.175563702217023,-0.0662751673933033,0.0290187654640165,0.00253188892905429,-0.118056706888346,0.0335385613468028,0.139299260857711,-0.0452782025665751,0.0166550292755249,-0.102420088485039,-0.223611817354826,0.147225298823579,0.0659718909182386,0.00868373350519528,-0.0784004693343088,-0.0135949546696388,-0.0210799857214063,0.318607045729577,-0.0357850955692889,0.0796573954884235,-0.0137232219757048,0.00433882271791327,0.0997896315634511,0.184859071794893,-0.0159978009285083,0.0806814217883286,0.210319094744753,-0.320629532422492,-0.0341285247498559,-0.0284102008576867,0.0664946998200566,-0.0314305613124924,0.0190384255705061,0.017806082021107,0.0535746494393631,-0.12263289322764,0.0415775740522273,0.0402620697829467,0.0917812503169512,-0.0826702717164179,-0.0362840970770726,0.150964717011278,-0.00238298531198256,0.0317239494905477,-0.161739867571424,-0.0220440818824516,-0.308009117296894,-0.00334432940221223,0.121662670449233,-0.033513403091447,-0.0877901491986626,-0.0612503948595071,0.118967495120091,0.0674986920788616,-0.194187869724004,-0.00258341056437944,0.100638782503972,0.0724904830104723
"staph",7.64262340119594,0.0301592801833865,0.172824206774449,-0.0174482299024485,-0.0274893886416341,-3.47687126931097e-05,0.0417986706899931,-0.110405274280417,-0.00184442523340501,-0.000645924795559396,-0.108360933132627,-0.321811579316833,-0.0435989257407916,-0.995426183174738,0.10817669978984,0.123031368699135,0.0360503750924791,-0.188947269676906,-0.066353641172674,-0.0610849321978858,-0.128971128768038,0.150586063577398,0.0634169947520289,-0.000951803305943918,0.0325355032800242,-0.222901410195062,-0.0275800759454987,0.0488728037049924,-0.00782783334162522,0.0721585202155153,0.0402617185895129,-0.137966235511509,0.1118881062254,-0.0309736607646372,0.075496788629301,0.147593001209679,0.069896550468798,0.0833181453433485,-0.336985156775276,0.0218650290669241,-0.484955940121265,-0.0365128030166558,0.400395191585203,-0.0399596934655506,0.174801227830054,-0.0109706744301295,-0.0114053720106431,-0.0389877553884113,0.0578175570808839,0.207974714367974,0.188469922077445,0.022574763378491,0.121405956076631,-0.0728903852876958,-0.0509251802974758,-0.178061997329091,0.172368850637308,0.0468206412844989,0.180590822607582,-0.0954987702529932,-0.0197057791545599,-0.0244867028212751,-0.0257793221092277,0.142356040544569,0.0665416183715545,0.0280486023779846,-0.0809013526043196,-0.118163518432171,0.0472389111435788,0.0719080203336881,-0.00388287302629869,-0.0805788789584921,0.176976489055015,-0.132182578753445,-0.048803833019858,0.22829215587974,0.0509936477173357,0.0628891231764015,0.0805540384766806,0.0990614794439738,-0.0288661929340693,-0.16682919131783,0.0361292943121934,-0.227642521286388,-0.180042598108972,-0.229455569216433,-0.0339033456145733,0.196919001457465,-0.145955666367061,0.206281310253586,0.00569036440714754,-0.284738382402509,0.302567405494056,0.00979986891529013,0.211140166331981,-0.0249030027722529,0.0786178851371358,0.0938334840820079,-0.167883522791974,-0.0425114511797893,0.0496301488179322,0.261480341987479,0.0535607517751674,-0.0677063332181035,-0.301309503875643,0.136657178378333,0.0853820129303342,-0.0452570979433627,-0.116563561335949,0.139146797871122,0.0277275350703478,0.218437924917438,-0.0854963208780864,-0.0654440587068199,-0.0575715689092749,0.316623535321535,0.0476774075964776,0.0528554172046527,-0.0416486351416223,-0.100635127660304,-0.0662391839746933,0.0526278918331671,-0.193155517968881,0.0269300882319492,-0.12242251071517,0.0176493867317859,-0.167846063779019,0.346820239284523,-0.184055089058194,0.0557003781660758,0.507500292176518,-0.11182094380407,0.0135593357047074,-0.211472075926795,0.240657665345528,0.000558132345542878,0.00495526708042183,0.0289978948967218,-0.0669786344088879,-0.184203266021605,-0.211476055430386,-0.119941107255529,-0.559822496090002,-0.0483783301244526,0.0559172232155183,-0.0770357290979432
"TB",-11.68005603351,0.00859122896032372,-0.0317164992124994,0.0440036442226709,0.0584032723243255,-0.0408872430177847,-0.0377022648114708,0.112607353963159,0.162402887137333,0.00676823042522268,0.0960407462535579,0.314160414607813,-0.0472298655767712,0.322213104098834,-0.00826744144509058,-0.0769581014492156,-0.0905670746435595,0.0295666527084194,-0.130290827779242,0.0255072378957641,-0.0393157377688797,-0.127932886016389,-0.156106674170076,-0.0891525594740165,0.0619951046239379,0.0106709980327999,-0.0689666147231752,0.028763436701364,0.137195739234827,0.191320858697527,-0.104961161363287,-0.0980931578841113,-0.075973906610132,0.0743166626822072,0.235446340402814,-0.128800507321761,-0.0519124940119206,-0.00488541400710285,0.105934915968571,-0.0290467915650162,0.10014833528716,-0.0947033852455675,0.10056107231877,-0.0075788952412444,0.101088155530118,0.0223332703148175,-0.0742600379264706,0.0272224892834258,-0.0777036796425544,-0.00227986105650356,-0.0719475791761147,0.0209971687345736,0.114611706338071,0.053761301022542,-0.0357634925666297,0.0994026155959148,0.00652016865428299,0.139132923452872,0.0791174495511542,0.0285763918663681,0.275254756181547,-0.0961217098505029,-0.0267060659589244,-0.0130211003364593,0.0637314140537167,-0.00893948457749567,-0.0346857855904807,0.00664894988121358,0.0769301489219247,-0.604469094969794,-0.0174890886130835,-0.159759190508244,0.0714128660508548,0.0183502849966158,-0.00725595471582867,0.0638477448288228,0.20094833845874,0.146770090198178,0.0857741331232513,0.294106053442487,0.0575471167094233,0.099060016051736,-0.0698560297817746,0.152571295304223,-0.153624548779651,-0.0291768001831694,0.00254355182294649,-0.181490197756952,0.0428007167993684,0.358953419894778,-0.100307242471791,-0.401383443199201,-0.113809345588729,-0.00862098176561837,-0.133099538882855,0.0399256326370373,-0.174958386111526,-0.0207242965676539,0.103078150556681,0.182584275101832,-0.0386119012197075,-0.19649609975407,0.195214783568079,0.170245976799555,0.0423944272946909,-0.153389517558046,0.226135724971095,0.240495124109473,-0.0374075966238416,-0.00570796291720942,-0.0110419413743152,-0.3550807590532,0.0562394859993332,0.197311702493159,-0.0400679979022759,-0.248345462423816,-0.0858709205650272,-0.0495487155585367,0.0044813697222519,0.0331481789121248,0.0348272049907634,-0.130283965553896,-0.067075369359937,0.115572339678863,-0.0596852214437059,0.220201376059617,-0.120582761964024,0.00226586838623617,0.285818601452679,0.502568244212161,0.0594935567572351,0.0673568244971992,0.278202085579574,-0.0196493934587061,0.498074957925041,-0.0413047070135926,-0.309900840851496,-0.161285465141302,-5.50351995624757e-05,0.32341787117368,-0.206636051977236,-0.209527342549252,0.00241937110754205,-0.14773157187379,-0.25546182923004,-0.179145615695916
