"","(Intercept)","Qmd6QFgCjh6GtXzpZM","oVLqP09XJuujRUOUgg","HlbQueVeXu3q.e_nv8","9qsESLlfOCi_iNeQoI","cXfiegZeAeiXRgqeec","QeeYeOUoQX91SOwEiI","QOOmuiuuvsu46NV.K8","iqLR_Of0rw0ic6ucSk","oUL016nU_reU_ae0_Y","KvR4cynHkkeq7S__tU","QzYbbjUgtSJ4goeXv4","6LpijpCAJ6Qfc7F5IE","0Qkr_3iKjrnqoKf6Pk","xq1zrrU_dIe01010ek","6qPyUIkSH6PX3tXVRc","0TnQRAonqQYtQfS45E","0k_XHUkluCh3ee.9d4","KMrUN53QpfrXrqPX0U","Q.Qr3BXMeyz3_q5V3U","EsEq5LvvzH0_dfShOo","WieWpBdI4WH.V.iXS8","TQSWUUSSXjlTSSfVVI","33iteiuU.V3e_CQKWo","x44Ih511bz5VmFo0xg","6yEdVgt.72TrREeOfI","9aLI9auX8dR7hdMDUo","0_DHz7_krTURH3lVHk","lNN2N6_4e6VeW7ddtI","3RVYnZOe0VPUlwO4Uw","Q_.z_qeqiszjiSH3aA","ioMeCC6goFCeESl0eQ","uF7uCSSUl8Cy1PfnDo","rUu3HPy5Xp3P2tddVo","c6dUHXVzXApUek8C54","H5lhjlSDUgf7c0d1UE","uR8UXT_f96KU5DMpqE","okEmkBx6lCOJBVE._o","ZdUVdckVUTVU3LBN0g","BTTooXoRA5IQknifYo","6WKAX5VTR0k_R8jEg4","WiuuqFKnOoukrPOEtg","TrUix_.1Y7tSUnWSSc","0CaOkkeCBCVSvUvUq0","uVLfujoDsudi0T3nwI","cN3p4qOHxe9LHcQ9d4","9UEonuSPsCVSNeHqTU","WT6GkkHqpCBBqCNF7k","uoJSuX8NR7BdEHULUQ","ZumFCGP95fIkKj0V1k","lpcsVWbpc1HXRNREeQ","9OupNSp3hJt91p9ed8","0yleB.dSUJ3ipUXXl0","lSVJXuAjonh_eSqF48","ETgSW4s6pegkkroNQg","fftCuCoRC_UlFB.fl0","l4pUCR_fE13jJ79A7k","iSFLpQSVQqiVDwMXq8","9niJ6n9d7hTVpewTN4","fSCcSeUrTkYKiRbogg","316HcV13gIJ6p_d4a0","Q0EDGDuSa56rTjp2uo","Nbpyl.Xli53jkMugNk","EUoUKdKji6iI6vMe1c","E5X57Z4a4eailK_.9M","TepXsAy7x7DHe.5deU","9qrtTum7u4uIf.x5tU","ioeoA3kk0hzl.TVUlI","0XR7oFXQ6Hd0FSoRUI","TSO6z5Xo5Ojv1Hq44I","cQKpNoguSee5eO6gSc","fn3Hpm4vVouL4FK6FA","TeYp8Xrqnf4oRQXu5w","c0IJVNnNpesS6d1mI8","rAgveQgoc5rkrprq5k","B6ugFxXupFTtYlV6T8","We18LlNB3SdX7J.7qM","f56RRSkXRIDiNKd5dE","Ncd91ff036r6siARAo","TD56KCJTiWKDkhJd90","c8V5eI9dKIApBeXUl4","6p_X8jaueM_Xv1yw6k","x64jX3XE4pS3hC3qIo","oRf7kYlXrI7Ug7e.Uo","WVHqq_qwz3utdJXsXw","r731U7Xo5R6C5Eefs4","3F1GP2UUoEQEn3Aiq0","uXlBtLlEeu3gKABKBI","9nCegq581ebIBl5Q58","on_s959RO5S_Xo_olM","ixRleehKiiJp46IB9c","cPOnvClqauHSkrDVIE","K1V9o7p_J7KZoqWiGc","H9WdVTND.X.t1qniwM","3lY39wDEveDOedNVF4","lV5KVKeJR1KQieOK_c","igXzsWJA5StyQEw5y0","cntX1SX_KLyoJMCqn4","rWiFXoPwNPJFmV9Vgg","NawJcR29S0Xx2U4CC0","9X1L7fgSXh16SVzoL0","6p_lFeWeVJRNX6.7P8","QkAlQK9cJenkCCDQSo","uepygIiBCQlqnF5VSs","NeI0lTt3rZ3fl7o17c","91ed6iT5yX3FU1ejUQ","3Vy3nJSjUQtfvUe5fo","WUlRXKLv6P406OyTEU","NX9EfunjuDnhYBOiNU","W5VEV1fFddSFPShEqA","06Xqf3il83jl3kvTtU","olHl55IgBEdf58lRCs","WgA1K5aKJIKOIDHolo","iniqwivvsvteuXU0h0","9l5aOODpOCeLpYiPhs","QagniqAUsQgjjhQIok","ul141JapUj1HivItT8","NWU_px7I.s1_ODeq.U","3TX9p7rkrg6RlbDnkg","QfhOJF.I1fVdTqf6lE","Kleqv0tN1U.rVeh7f4","6gUeLSiJSuigUWLSiI","3GcqHr1KlETMUA3lTE","WQjCT9.Xi9K4eKCJRA","Nt.kfERHfXveX0XOWo","fmy.roAGpfm2l0VUu8","rlnUn_Rv2NUClf.Klg","HdefXV5T01eVd1OCfg","cRElEvlA1bHX5Raf3I","WXler3i_eLohjjoiS4","cfnMgheoSKHnt5Xd60","l5f5XV.Ee3lptBCYRI","BeuXt358UO3CtVHl54","cCKea4lD8iVAiVYqBc","uMWn1IhV.3UlM8TSnI","WVKkr_fhd5dL3YdwKE","WXVLs95PtfFcjSVfe4","TFITfhT0nIFekkEic8","c1Le0V1.XnVMRUKfv0","cUKREqx.ehUeehIfgo","r3ug_u1e8kOkiFJeiU","lr17JJJYKiF2fAUEQ0","ZV51LRFaCeHrUZEngk","lKLZ3J6xWwC_6g_4VU","B3q9A94B7R88Xs4E6k","Qd7kGUX8AIX1pF557k","Z_4GFFXqPeueOmsfa8","QjuMi7uqd7tfV6iek8","clJOt7v1_6PRe6V57o","iToSCCkkrpIOq5OCv0","TityCxcBee9RJS1fQk","T0zNFbuqF9akRJJXiM","Q6epTsh5ddTi.lJ._I","Hay0Gref1XajQd9ShQ","9V4f795ApF5O7e727I","9kAqUtm.c.d2NUp95o","T5Vng3Xp4f5666Xzu4","Q5R5_pIsArlKKJOrug","EaUBNXocgvkqgNASVI","ZVxDokSh6Px3pJx6hI","NVQhcKv83XVfgzq6d4","irAqP6o5unq697dSt0"
"adeno",5.36150216472152,0.161244947133265,-0.0934670358368573,0.0442419095684837,-0.0133976465285338,0.140233246854936,-0.0651295289794774,0.234266426081424,0.0738668322338688,0.114868827463209,-0.00303144343156055,-0.109336219179379,-0.0905834411641063,0.217358875934238,0.147724258867899,-0.145730743549299,-0.296095929281422,-0.140071957686469,-0.216835833419095,-0.0374811966512121,-0.0616762059308184,-0.00319133563282,-0.11249532560067,-0.118948195420509,-0.0519774552300203,-0.10664741699135,-0.0296177225223507,0.0251526507863259,0.217688606974093,-0.0064419039211962,0.0805989511832891,-0.56662915833884,-0.479795068067271,-0.262926106830518,-0.367972619293652,0.096172120365761,0.151209287423473,-0.00471680166889364,-0.210271584330715,-0.15202851151638,0.341130751023908,0.103885904625082,0.213269907896373,0.0902775874072357,0.158488320985082,0.211184695056349,-0.0293791379895863,0.00214653067851328,0.0334068829633831,0.00310397625764968,0.0404385657670104,-0.00559426309721311,-0.287668549996303,-0.140672361325547,-0.0733862340804859,-0.224391811619774,-0.407206829498223,-0.302205933605548,0.0454039679788862,0.088361355923566,0.0171365689058931,-0.316793989084528,-0.282939303848478,0.0523275967649847,-0.223562110839966,-0.0661303983086571,-0.018554189885983,0.047710604954552,0.0997453454408836,-0.0893798302598924,0.00736442693884884,-0.041441960060294,0.0452483415007816,0.0462854467407438,0.0386264182747753,-0.0150167589624102,-0.128233690943068,0.0425350855589808,-0.059362947422244,0.361327835460269,0.279911687885654,-0.0803377740325448,0.116027586352678,-0.0192549942567771,-0.0533118859012602,-0.178281839912035,0.246752295656434,-0.0275659093290015,0.0595686085495135,0.200874389493293,0.496264648779731,0.0537096623969416,-0.0264329587679109,0.167978557099229,0.108419740326098,-0.0185345767340449,-0.117378924262808,0.0350783416894069,-0.0122393657882604,0.18401172915816,-0.111888708477959,-0.065753211965186,0.110138793358977,0.171146093276145,0.289493285713563,0.251866245443695,-0.0345249591373224,-0.252661855859436,-0.165476097975255,-0.160599825074002,-0.0012526984263237,-0.0886330998845386,-0.214156648045871,-0.157671431997156,0.176775777397493,0.357967501607669,0.0974353749379968,-0.179720798204274,0.201348295637737,0.115788863678649,-0.478722153325615,-0.0243688405763498,-0.0247264153710008,-0.0251496747233948,0.068057511000883,0.0867292879253342,0.278129314362927,-0.0752370972454572,-0.333283000872346,0.105642250324644,-0.0220838637290522,-0.107421122304777,0.0698482973647433,-0.241652647789084,0.195987707039055,0.148701576597666,0.121977465980977,-0.239759201425768,0.244497279006864,-0.147650916480489,0.110185698653572,-0.0385963962216401,0.0278541180528187,0.28687261240229,0.121366119282242,0.4803250430151,-0.106620996373132,0.0621624696836683,-0.247055452719155,0.256716413162333,0.246224686346955,-0.204756227439234,-0.239314056335396,-0.0346200890362167,0.667508657925963,0.112881408407534,-0.131289540167075,-0.23486167777259,-0.723140773181341,-0.255415696727388,0.15087052057216,-0.334042806970216
"ecoli",-20.4021349036281,0.199821136509886,-0.0561980705742203,-0.0365351074860072,-0.0138635387123374,-0.0333563137464374,0.200531413372884,0.170215153713165,-0.0467564565641355,-0.0435201797423856,0.0681049832650197,-0.00674686065231635,0.0809417411350556,0.451477101477669,0.300067320421031,-0.0769608958864056,0.466775254623903,-0.174741471262666,0.0113940888690841,-0.212254527470961,0.15551971911483,0.208712892311892,-0.0129013762868379,0.0108066982932133,0.0766071168387696,-0.099205486006126,-0.0111673906086475,0.117861816809979,-0.0265132214683929,-0.153948842234093,0.342865264427538,0.356710784746786,-0.0620142268349929,0.0618762579931957,0.239186211185893,-0.00282232232575207,-0.0381364014966286,-0.129990909658028,0.0420680791968336,0.793352996568246,0.0235738831563692,-0.169682765051771,-0.0945820580068092,-0.126081334136464,0.05342449754166,0.105103341198546,0.128897479740208,0.0450640760967591,0.108560060979775,-0.064694421284348,0.088916529082204,0.00653862089730699,0.649202480882333,-0.375917225202605,-0.0639088782732847,0.0290013699945246,-0.0124277306825203,-0.445787072762389,0.207234688941196,-0.155830814953569,-0.165505934845919,0.578419289139023,0.0933368745877338,0.253420946007893,-0.0899781254091434,0.16121751720761,0.0150758129865389,-0.281072382426531,-0.100213644463242,0.164968288915187,0.180765860299649,0.0523613558983174,-0.317198026365019,-0.158666191884063,0.277576722629667,-0.032518442316063,0.00957735094971468,0.0466995460922078,-0.154156460249096,-0.0847208735915636,0.143193004938808,-0.0144376175265539,-0.07724480642641,-0.0814286559320146,-0.121614198403112,-0.101174587251129,-0.447752218975196,0.529369670392862,-0.0104805266305051,-0.0682732414796854,-0.592405213991342,-0.242522471786227,0.106224976651495,-0.0185653289883177,0.0746349722856028,-0.00393845813078656,0.155971604987812,-0.0508258359152751,-0.245256557396336,0.342866821858661,0.29518931869379,-0.362565389514031,-0.361047732664225,0.0992460903278254,-0.123218822498193,-0.00482814304086385,0.015838959918752,-0.281236169893931,-0.169638037800072,-0.00873239413449188,-0.0255854697394718,-0.0157706253794821,0.245101627034116,-0.0557645217057164,0.212936409266274,-0.54774447851787,-0.578554741010261,0.14793898183054,0.162320647808489,0.269467809198788,0.183376989823445,0.0583467875058339,-0.013464144488515,-0.190410079338646,0.233874065638096,0.0988811952627916,-0.175595756893701,-0.0342055165961896,0.358010939395745,-0.33301668421171,0.00939623119544553,0.0126889845077534,-0.0475420525518232,0.0408505688676394,0.19049804923944,-0.226502429505453,0.203755985740116,-0.0885139311633161,-0.33781698676899,-0.482255632338381,0.207143109164256,-0.260010787826611,-0.0963964761464039,0.583166245118452,-0.334943276439904,-0.504915050940183,0.112915088033211,0.274902904145057,-0.0961641206000951,-0.0130753395948538,-0.0891030644333577,0.364515906407452,0.329948689687947,-0.416762539072973,0.0667893087047932,-0.179319732344086,0.137368059251364,-0.0561284411763897,0.411278546741448,-0.0740787433390557,0.181716904317048,0.478994384537819
"enterovirus",10.0242312266307,-0.19231633134032,-0.0818579650439897,0.0299437531330111,-0.0100081239389312,0.276072345074827,0.230355907373115,0.0561759353192393,0.0613239641559794,-0.00633972173131103,-0.0172562152921218,-0.080335248177411,0.00971971878419748,0.0283944590849695,-0.214189455068234,-0.431238467029772,-0.183303384574535,0.20902814890891,0.356630953164909,-0.0813415530334973,0.166217374415358,-0.0876079619555407,-0.0898322379945819,0.216011984882416,0.0167514693466398,0.192370784661568,-0.0277728506011694,0.302203522412119,-0.0559115533133001,-0.0510588436886305,0.103727341385291,0.0109902946313543,-0.341943595702779,-0.0477813177032907,-0.0877576415494949,0.137858199444042,0.211306338466756,-0.260627766883776,-0.160268710287484,0.356560218933253,-0.126085147454153,-0.430991005083665,-0.254493515984035,0.372990522948047,-0.0984466230156228,-0.0481289209942189,0.146716272951704,0.0576810198917514,-0.0804458949366297,-0.0054273133283786,-0.169295590908852,0.0106606841572311,-0.281944033561348,-0.341094534785837,-0.0749434090874601,-0.0731589957521351,0.149166509442661,0.151143425896201,0.00796978089148945,-0.108545722551512,-0.029880200089837,0.296038340652845,-0.333690488555907,0.0496005220319194,-0.285578074838606,0.132010647450706,0.235128063011348,0.170454482103704,0.48012505381131,-0.00697934322636824,-0.0425726538240156,-0.0361907733262567,0.0557792740985332,-0.127064659630018,0.0449153627343173,-0.552509285311372,0.123750038797142,0.0758396142664424,0.0634435029543852,-0.172891835448143,0.0786380882974548,-0.146951845233451,0.0992187205023587,-0.21260555846223,-0.0772439310578704,0.118415167242619,0.11472429552397,-0.182897461400558,0.080701130672377,-0.122791511224025,-0.120591442483148,0.0596597843948804,-0.0921461449283344,0.0989325525705113,-0.389372024776873,-0.0386183304777076,0.165714279756731,-0.219687188174239,-0.402236953333629,-0.15083045237527,0.166503232252374,-0.103684457517028,-0.318187568659982,-0.238624939074893,0.247107111341724,-0.142887664782882,-0.0825905224127524,-0.0580030628469609,0.0547123770895443,0.206521535415733,0.206447342225259,-0.00864938267747315,0.263411443994665,-0.164395851529948,0.0998199636246584,0.331106533315537,0.104876050709509,-0.171048876311857,-0.0613667248050191,0.070677060672755,0.0536670051253686,0.00260402857975397,0.00108314192961877,0.137591018571646,-0.243313487557622,0.194208492162628,0.304791365846363,0.0427445415462928,0.0288409077972149,0.0399963323904,-0.0435306528400518,-0.104045126245161,0.0946574974194365,0.209528235699819,-0.273584710106788,0.39824955498624,0.0180666954745737,-0.0208062200206071,0.119545317559294,-0.0392424653705223,0.0745903579375526,-0.0712161374590648,-0.161938127981053,0.00668066177629571,-0.0541937621079696,-0.173399692898708,-0.178341191243458,-0.300933372956782,0.232398611048871,0.00187589260113326,-0.460979977967845,0.00266799363229398,-0.0290218884744418,0.22108572919223,0.0289583096953638,-0.550244893631356,-0.0407033278022652,0.0381721699933041,0.463773004511941,-0.00578968397046213,-0.139327954399014,0.0279229061865862
"flu",-37.5227056814252,0.595215358052664,0.22308713277274,0.115834652607287,-0.0420698916353891,0.366594524228637,-0.0495108971055793,-0.133139402303039,0.0223799002942649,0.0245776754707203,0.150240624268612,-0.290923971892721,0.208807615261539,0.0483139318896632,-0.117868769782485,0.697380239958811,-0.608153299401274,0.468856639888593,-0.0477261126450322,0.51664629220165,0.0600267145170553,-0.0856529429083095,0.00477034832038195,0.0768659613167067,0.0443593041291347,-0.179926048458153,0.0209948395113726,0.0438182559502979,-0.0100751342406599,0.0554835975793405,-0.118408503237764,0.0606747022750271,0.23492158096089,-0.0589578948439419,-0.122795902120303,0.0423622668069067,0.124755640316649,-0.208769450004316,0.0907264513822802,0.0809578783913478,-0.419677115023382,-0.133551582843148,0.118162054349029,0.051908420492365,0.0390245013166704,-0.00245300828005707,0.0339356195352431,0.0967630001036922,0.02646360381149,0.0555625478187247,-0.0828605004458194,-0.0780991663963103,-0.0220696308614804,-0.237394000549843,-0.0292537382870063,-0.00522227805328083,-0.168813435625561,-0.0925265696111543,-0.0792949547359783,0.0683383491237684,0.0570729070948204,-0.00630699539761677,0.203256026920957,0.0726847801220642,0.191335929224991,-0.189997237787335,-0.117010952402713,0.0487631268836378,0.187265693285778,-0.0217193881766101,0.0967801084528964,-0.0161898849898757,-0.160722280674336,-0.15415334727046,-0.278638082964286,-0.0485515661015184,0.0119987005739822,0.0591231169279397,-0.0824460931100121,0.0680788227746902,-0.148665900072361,-0.0401162881136899,0.0273495399687251,0.251114604309386,-0.104476168421946,-0.0851125218200783,0.239357857511949,0.0107888116061666,0.223485240432917,0.0811420719164998,-0.12281456459057,0.058763814534935,0.300479125975663,-0.0496965469508992,0.10325380319636,-0.00573954663361905,0.109163149366629,0.589839972168119,-0.0610898631803772,-0.145127759312679,0.190050432031649,0.180116982088017,0.0845642103058104,0.361858366202868,-0.190536002771818,0.208310107643983,-0.0809743334665607,0.0968609127983336,0.0642933445361601,-0.0296476604359782,0.135168430273988,0.0255295419938471,-0.254288286937619,0.0398555170212163,0.056181572145325,-0.10548334481481,0.16935013396356,0.108154321803603,-0.226789645058597,-0.0156571896119106,0.291634946134567,-0.0131690575072762,0.0227552468693676,-0.0865229440029811,-0.388056809219722,-0.381422258326631,0.162853787434407,-0.0340680722548516,0.115595278183678,-0.272291143336229,0.00197256483793621,0.0154452645007904,-0.147731309376275,0.06389668520732,0.0259280034286558,-0.379076968961126,0.290104241530909,0.47281996805958,0.465268068109316,0.0505456859465831,0.126406439960675,0.114979259520473,0.163601771510673,-0.201507202998499,0.030740948653919,0.130686547580615,0.195421419361906,0.390512287224225,-0.273258542030129,0.0152093869603341,-0.355933096796342,-0.119206796626334,0.665344666671446,0.0691128164673771,0.19643225003269,0.112137979344472,-0.387011329540472,0.190174880215158,0.0574292556147745,0.0809610377715685,-0.174831983854906,-0.0645370297129992
"gas",13.8824174378791,0.209114167402406,0.0615978512050997,-0.0335921875094145,-0.0321315031410674,-0.902151853271266,0.0624960774230603,0.0672227758194069,-0.0612306013896675,-0.0109515443354548,-0.106706565078044,-0.253227740804433,0.0440317938107065,0.474169742098206,-0.460859621989924,-0.183109126211523,-0.131335865895611,-0.00114499284660053,-0.212756605093336,-0.0760098534960803,-0.0768143641985577,0.0381935581411869,0.0895672393222171,-0.233403915391024,-0.0666403966718319,0.111838359947881,0.0236709037569273,-0.458479166000615,0.133107741487272,0.201270750909308,-0.101664905543772,-0.468494600306679,0.277993382977924,-0.335437493168388,0.286836038937877,-0.265842961241127,-0.0202083940019978,0.304047279996,-0.748511971681388,0.402141101368706,0.00416414843076802,0.232950081750191,0.393031739151527,-0.200834572803041,-0.109483393478018,-0.0141506390916936,0.0469692385639245,0.115177177698113,-0.00348478218283982,0.116003331760002,0.0329540899971857,-0.00398895988622662,-0.147861817884598,0.404062535980073,0.0685494228066461,0.117703774138318,-0.125436524295444,0.199676892991734,0.131138949441925,0.185780714419432,0.146763447145844,-0.139696638832602,0.0721041463480562,-0.0483452143035375,0.011115043848993,-0.0725360767095158,0.330932974920787,0.434625297356666,-0.0272016423110893,-0.260903818110502,-0.0268281999946971,-0.0314331078132068,-0.0216289873147398,-0.00286368898814998,0.104046179524747,0.0727899375003142,0.0223248747330035,0.182912838701218,-0.116897815514335,0.0636101341014123,-0.0780651336850053,0.0479661939032456,-0.178963156954431,0.0557317942822723,0.115441542779002,0.0700831055440304,0.0414492070502369,0.686671051442372,-0.000311596246648029,0.320900138735288,0.331695120802571,0.270960989658967,-0.255241606890863,-1.12627621429869,0.337209972026786,0.00592625828512966,0.0893239226487333,-1.08434462744177,-0.444382455443087,-0.885391114160385,0.0423503203391494,0.159553586001444,0.424745858027858,0.269292169065971,-0.231905982390369,0.179590903518144,-0.307757872754677,0.610052494426245,-0.133167026797545,-0.0435067424026249,0.216622475417534,-0.138288158926122,-0.0090475070155044,-0.222948987878071,-0.412979116683793,0.00878030306990099,0.213422119835962,0.394431764450198,0.280964575960809,-0.0420387183482699,-0.099941075215309,-0.00352765527221419,0.112391577294848,0.020062813877489,-0.183846732976004,-0.129517556443945,-0.0703014664109245,0.0358242693562919,0.169222466814267,-0.481244242769384,0.0167812959097723,-0.147399535202108,-0.186791216566189,0.0396805860245211,0.203606364036601,0.335340159917967,0.238498167748049,0.726260594339165,0.787357818034393,-0.194005061733751,-0.348289864702033,-0.314480885310008,-0.158828616345418,-0.0737721287863072,0.0709627004706675,-0.581859382966452,-0.0447973344318619,-0.0499788135884554,-0.432024223824247,0.0103207140830602,-0.270913584508851,0.663039364787647,-0.425772231730514,0.0828311698745745,-0.508024151938508,0.325849488063081,0.185344830134601,-0.182418190267161,-0.174936470710464,-0.182859437551232,-0.169910459885922,0.470827030828026
"gbs",19.3483112919563,-0.115025700760593,-0.00903468947811443,-0.0362995786453216,-0.008203090068183,0.00670737414357033,-0.251643259382691,-0.124217900094635,-0.0855426346379746,-0.00612984557944188,-0.0241792717757103,-0.164005273492538,0.0230983388942118,0.308543604057162,-0.223324913477602,-0.182463043704902,-0.65561380332977,0.0328527039869764,0.133733010310868,-0.0176320369995422,0.0214996120949013,-0.0183227270157571,0.0201030654774643,0.0427641838933281,0.0220998886116672,0.0651553435733569,-0.0087689114096417,0.0737413550948639,0.522918857696827,0.226667610317446,0.158183421095491,0.252325472185613,0.000808551846172338,0.277700322803929,-0.0447389143895404,-0.0917626459911679,-0.043468276955936,0.175863419263263,0.0118465546408578,0.430430455584919,-0.078864412162818,-0.0355365634232294,0.084334558727273,0.297939651653077,0.0669594257474605,0.0716908818355752,-0.0636086428730722,-0.0821905089534271,0.00875663452874246,-0.00131623036644045,-0.00358890145686294,0.0123644617349138,-0.175219479897321,0.110612163412427,-0.0266212334588283,-0.0416295143114827,-0.0661997317550581,-0.605586012477886,0.158392078796928,-0.198721050406983,-0.12616630178389,-0.0939811668846436,-0.0566262014110209,0.0575122305300401,0.0546314444730923,-0.0811129798540875,0.118061130417759,-0.00578974328531406,-0.0769723454273861,-0.0712115182083486,-0.0823239294512304,0.0413249407717613,0.0541929242891246,-0.0319832815423064,0.103409259235844,0.00660621392840724,-0.157546249985309,0.00698874306386154,-0.0872321138577987,0.218064761832393,0.0260064541988758,-0.0392109903925939,-0.0364307529519357,-0.0535746963891852,-0.153756792451535,-0.0859418319716991,0.00940378068042691,-0.29393968077097,0.0612709356599186,-0.116938166256756,-0.238757372842157,-0.112475292998466,-0.0419844167785671,0.124974325530664,0.0203853327622336,-0.013222083379608,-0.147754123280748,-0.213570630105628,-0.072222527910261,0.263371484601848,-0.160050716519948,-0.191447689857705,0.0517958918821146,-0.0146196827540745,0.381502444202303,-0.304388880013946,0.0419974305094677,0.0362083593634961,0.0541822041508855,-0.134620247333802,0.0793133703470011,0.0576546032052754,0.0502733148377519,0.054435779846038,0.175372767907284,-0.0808935766991128,-0.00594281906077116,-0.133137925433106,0.220648107704787,-0.162611431834817,-0.0489818297850526,0.507898149772286,0.0671981631347552,-0.159238683150474,0.0216604270547015,-0.0675758994074409,-0.0813655267095966,-0.0747442510257742,-0.107612910436309,-0.235439100516311,-0.0271052021521613,0.00380220181593789,0.17173476215562,-0.0668580946460751,-0.415764591091346,0.0291225642685315,-0.209315398763622,-0.092212869279561,-0.0683830593372864,-0.146518137760284,0.031861633967784,0.0102340374608282,-0.175538990395291,-0.610934992013752,0.255354597458287,0.0170834219350836,0.00565327751086799,-0.0615203185579685,0.296143093923008,0.0707824891740808,-0.126377643805749,0.000459014326149155,-0.0814988216978728,0.061930218945332,-0.491615006654737,0.671108577162037,0.119493418375729,0.145172618557391,0.0266137870362412,0.0741163799697624,-0.285205180016708,0.175118558354652
"HHV6",-32.4975887695987,0.0991530024885548,0.0690115625004631,-0.00111168030965472,-0.00665216151530266,0.0273634995515294,0.0376114591598766,0.0521717311451888,-0.0225541578911787,0.0133678190166475,0.223567366589659,0.370097463819151,-0.0548905546568479,0.773578404620716,0.731484349742955,0.388967416493801,0.175329411058407,-0.0672150063625639,0.0378680685052189,-0.00963251301584414,-0.0121550844963615,-0.016041193983148,0.0548981389718481,-0.0161296458728359,0.000282594144661076,-0.0426771038768572,0.00962482094269612,0.019164257406004,-0.189212563932928,-0.111205640771011,-0.109417507157707,-0.132088209964013,-0.0164120713992375,-0.0700542228063519,-0.109350449123529,0.0152914840044351,0.00984322325206741,-0.0488091543025115,0.105940954876257,-0.0592994773286698,0.0941083167912492,-0.0200128577165163,-0.179930250109948,0.02302571872755,0.148568485942149,0.119373708960226,0.0751970747337847,-0.120278399705403,0.0770078393323774,0.0114120097736263,0.0367000010733143,-0.0189504228283851,-0.159689920346737,0.124749312712794,0.0199766249302712,0.000139109721043283,0.159348084927452,0.145323342516058,-0.0664187288354991,0.0422899504276791,-0.018943855105602,0.154071787899089,-0.0265583710455868,-0.088404606809071,-0.00757850214368122,0.00400252856683712,0.233293751798575,0.311196102763412,0.0571922132758292,0.0634357961807606,-0.0101698956743534,-0.02827258894991,0.038906704973527,0.0475487832814914,-0.121229043995211,-0.204152195737329,0.186600562435249,0.0239476688024562,0.126432693601082,-0.0569787767379161,-0.0696750648248584,0.00542594816643205,-0.0304943106095758,-0.0102420908104222,0.0403096857990183,0.0584524112821435,0.0425178831335929,-0.212600386876006,0.0501239302241273,-0.000703435981226279,0.0635746224031587,0.0282670996771449,-0.0148763288419893,0.0502846002339766,-0.100071499940501,-0.0203238633996224,-0.0783397810797153,0.307696232944046,0.085724313877881,0.154228292123859,0.162501504078832,-0.0890884290144171,-0.0277587944739808,-0.280319853972919,-0.279685456538938,0.0518632941926446,0.0682742054508116,0.064103779821922,-0.0343619713636955,-0.0298242956557072,-0.188724400161764,0.0182729445752842,0.0543673637735752,0.172019180939043,-0.0677221408553872,0.628528677283557,-0.140189290990453,-0.0102944309258771,0.126012833998651,0.0526432564011134,0.356395380173343,-0.0350436183399091,-0.178462523565016,-0.123212866481176,0.389065701472229,0.197474524665002,0.0701180960736739,0.0327035326077418,-0.412795537866696,0.321358960461431,-0.0282980576776629,0.0515938354428193,-0.0112196994054147,0.123979903860208,0.0383089942896702,-0.0106851833378547,-0.104524117649966,0.303159695530934,0.0563246578807909,-0.000738462143398234,0.00355537548543022,-0.063371783417889,0.297445354128795,0.0927434307950606,0.131362136666573,0.254279458698537,0.0247336698904171,-0.0877928245714289,-0.285393319930477,-0.0150994867054857,0.0281727963955972,-0.121719611252146,-0.241322388851135,-0.11267198262471,-0.416771486027932,-0.297633931568463,0.00902795979019757,-0.0530028767708298,0.243589248904178,0.0627046685856131,0.13979870877843,-0.122850333893923
"HSP",24.0086666369992,-0.146009686295505,-0.105146987571753,-0.0179567203046417,-0.0118926167060441,-0.268910164615441,0.0057569897230084,-0.262722398425263,-0.0824921476331877,0.00794588385047959,-0.0156491041315485,0.0827467384040314,0.10190092124431,-0.162032621447753,0.123170379453474,-0.0575347923817815,0.19730794980858,-0.126965474852464,-0.0328376118610839,-0.435608664921728,0.00673832775341699,-0.00514894953527166,0.0545646618603388,-0.0724561115773824,0.0449852029172953,-0.109431359059992,-0.0378128469764862,-0.230740957394387,0.0393055073797028,0.0563957161361351,0.112724358341561,-0.0123142254565692,0.0479216523414985,0.0191370548661609,0.0446244230030921,0.0618650205674675,-0.0868191241430826,-0.0526351383629956,0.118727341437294,0.168861682083347,0.2387510150386,0.0558589425024068,0.11053485307596,-0.120844392790902,-0.0710170487457538,-0.120028831283179,-0.0727087661683,0.0114780139976778,-0.0307907521581288,0.0483076498701457,-0.0785632874546712,-0.0945422775045464,0.0161677369537189,0.0740468937580816,-0.104173727501551,-0.115190800363079,0.10383611553417,-0.00164528244674357,-0.0206652302024988,0.12471845206501,0.148941583939048,-0.226238311679171,0.0875680426435445,0.109694819868584,-0.0708388663742177,-0.0121696884310515,-0.0334871426376685,-0.269652704011551,-0.202973114281073,0.0389770343700667,0.0352767079581023,0.0561478806703138,0.126803076118362,0.0433728493449747,0.0527056685713964,-0.02370115311912,-0.255716029440527,0.135839329375021,-0.127796792314022,-0.011560212516967,0.110899116920954,-0.0150741081326804,-0.145357716409656,-0.0551847862617652,-0.128784198535355,-0.0464948329417993,-0.00063466587852484,-0.330393808472377,0.00221280104558898,0.116287865638075,0.413287185178432,-0.0352273835212234,0.113509719295246,-0.0958266621823276,0.0729069405884739,0.0116351240455602,0.0170586932643529,0.0524711989151127,0.171942099765933,0.291408679141136,-0.197758257181041,0.0774408825523121,0.128828707418134,0.332140835074938,-0.000443281215917274,0.0826646176285809,0.0919815257553289,-0.471817555072446,-0.161072065803066,0.0702494251817286,-0.113932071390535,0.0785439794489936,0.0554992810472841,0.0749726212145467,-0.138568514296422,0.187881843816063,0.118185320378619,0.106076737281603,-0.284365517215428,-0.113247291482558,0.093856442442431,-0.143951300599715,0.0465513364693408,0.0871896509993048,-0.145044717915456,0.138664585247406,-0.10419012135234,-0.0262314483845141,-0.209197340655492,0.301384058387874,0.0183103194135048,0.102083826502898,0.160707761754032,-0.0636640295916667,-0.130091822031523,-0.291754605709792,0.174315772943156,-0.093732112024546,-0.449188971970163,0.0463491613908387,-0.475206534716207,-0.102229505752325,0.207074293936379,0.0428779212470334,-0.0726595058374479,0.370025532612591,-0.109853399371063,-0.278604278917781,0.127835622610229,-0.0604569374355435,0.446362361707194,-0.989279972137637,0.0867980793148284,-0.0845123291275125,-0.284313603969407,-0.293975908116981,0.227329014715838,0.134232488166565,-0.165022157303638,0.0668914857211749,0.0161345649729269,-0.388401708125203
"JIA",-27.0777500404114,0.0455512607585708,-0.0608809155781586,-0.055870473968864,-0.0299866455722123,-0.0293760099770502,-0.103037323239783,0.115809569282559,-0.04683476072122,-0.0221707478785029,0.0611487033610075,0.206707754238989,-0.0390706884357935,-0.0824961702760701,0.476966744083984,-0.149585600708759,-0.568416995782231,0.00815335094298392,0.137157399418887,-0.0482558642994065,-0.0907907284350065,-0.190409635113299,-0.0286683896828808,0.00569636876004182,0.00392321190340254,-0.387620967104281,0.0310631493051225,0.108084905097046,-0.0700679884211715,-0.00592763637824203,-0.0274571364047775,0.206049871442041,-0.00903403961240248,0.169426602222282,-0.241558712931528,0.0245283072364525,-0.106862648072483,-0.13178292913474,0.195465790260424,-0.499257648906203,0.207351272000738,0.117796563547582,0.175126531833944,-0.0121883903640231,-0.0225339678020418,0.0694025832364592,0.0579818144631225,0.0367269873995541,-0.0256542276440028,-0.0307861839540921,-0.0254307972558234,-0.0482497783800083,0.19685552620537,0.137408001940202,0.0127079697268677,0.0127239966190166,0.342001307777144,-0.0691981944733817,-0.188395563918187,-0.0654738383599842,-0.0482426705966498,0.0320444518726974,0.154784838873903,0.0272426764779951,0.256295846878939,-0.328021456201284,0.0446945410636765,-0.31965542294701,0.0945856088190306,0.191095101916456,-0.177283581627365,-0.0202577942286467,-0.0912731420699021,-0.0920205598002323,-0.0797319704742629,0.352091886856071,-0.148145188439561,0.146599953677933,-0.172634236548252,-0.0185191640021449,0.076567539583574,-0.208452438929803,-0.398911771277009,0.0427403012716161,-0.448220465596685,0.0892868527371811,0.195706683745793,0.6600531200758,0.00993025755979184,-0.0240276752635717,0.303889823583153,0.0110002368140667,-0.0449367993586249,-0.0950091168654874,0.0801358375186551,-0.0200245695532791,0.0287580230103377,-0.00899298797693891,0.347099571141995,-0.0297078216908166,0.0193657017804371,0.217237418638027,0.218146104115251,0.203745458018072,0.226039570403635,0.0813480324937704,0.0561709191415269,-0.132870420906506,0.0248637651446925,0.232564772221223,-0.114116331989227,0.213175788641524,0.327952024808255,0.546946149657292,0.110006814646867,0.202704432934461,-0.0377633475643831,-0.334324493943682,0.174282258800309,0.173641146729966,-0.101897062684248,-0.0505329049445669,-0.1060358557371,0.216327087792671,-0.30225580485557,-0.128621001619008,-0.0575906072100903,0.0313295294124575,-0.0860111238353416,0.0894397737071642,-0.0254791164670998,0.288572910790643,0.15953955271204,-0.00960615127203525,0.195037439607689,-0.0799562259793044,-0.205022702466977,0.194209445468533,-0.111086988386797,0.0690715423451429,-0.123573363376486,-0.0150903281878473,0.0530983534098027,-0.206312726398307,-0.186362637432452,-0.251265702428974,0.24813319050301,0.10342917745814,-0.186306971675869,0.0020806984738676,-0.0791630184931858,0.235986305679344,0.395063325454731,0.069925773820879,0.43195829283184,-0.0955161378013064,0.122982866878541,0.674146232561588,-0.275914365568569,0.203879134479837,0.212932667742577,0.390271706658634
"KD",24.599593988634,-0.178084023204559,-0.0290568310628108,-0.0338718682294432,0.0159848745911044,-0.068673040601484,-0.241398624595959,-0.351004303799953,0.0841561358865467,-0.0125869913582686,-0.169794136842598,-0.13625687109262,-0.00953919675574109,-0.187984235634223,-0.306660357399249,0.150070267674158,-0.379962426548534,-0.193761180093192,-0.16197035132644,-0.0291124275552736,-0.0844031684556666,-0.0898258476189403,-0.166537882470856,0.0591547891709238,-0.00280090053017321,0.161302800487241,0.0259411231910942,0.155763016840411,-0.0915040677001713,-0.0607672765855871,0.18369947892735,0.503439367024795,0.164620040869997,-0.249712326404394,0.32983386296828,-0.0675617034514643,0.236726561040798,0.174805589845997,0.193679391009427,-0.751460327102604,-0.0835680764378201,-0.170326904811772,0.151042606075754,-0.164445765571793,-0.076912392049029,-0.120548718245085,-0.14927938761103,-0.0396506209395756,0.103636549647373,-0.103188048459231,-0.374342406186635,-0.00241050463656527,-0.110261398394901,-0.380431187394995,0.214005501223293,0.469521194183559,-0.204827886834982,-0.274309747691164,0.0266921699228376,-0.0309093609636414,0.0024118618186351,0.312414448133468,-0.287798813399512,0.210901451257279,0.0137138424829821,0.263025961380297,-0.416273766191942,-0.0500579011950615,-0.594192138293092,-0.257076740367672,-0.296525282979361,-0.03705523038418,0.272641561440757,0.23296697363609,0.129863758478127,-0.119466405048254,-0.206189977822805,-0.183971003254756,-0.295490968328296,0.370149098273704,0.27315677595449,0.262028961501514,0.299075158505119,0.0731713402080185,0.461714209963353,-0.00956154121659839,-0.243434399494489,-0.0450693022869176,-0.0523077176300515,-0.109678086167872,0.464018475616378,-0.185936541364314,-0.169773003672788,0.125219429369014,0.215788929488228,0.0248332027973735,0.137311817119941,-0.258521249674015,0.0750491642834714,0.117807251600664,0.00951964099724434,0.414149796959824,-0.0425948170652571,-0.0375429968581906,-0.0762765094382215,-0.205590759701685,0.0566790606166573,-0.105779282810929,0.22370348972032,0.0637473383670962,-0.169729436162549,-0.0836393641328417,0.0126798746533092,-0.0949545790023452,0.315470316699847,0.101054694358513,-0.205754936393533,-0.0308047451307013,-0.222166561783659,-0.160316337743682,-0.0861986025248558,-0.164331282660408,-0.0576866121592079,0.184278091223483,-0.337231104127636,0.181977136868552,0.383521326548826,-0.0568590321425185,-0.167498843883405,0.712909173412932,0.0555896331246221,-0.0600297874751583,0.131231403434872,-0.0438574659927061,-0.0995142631180063,-0.0998577340600426,-0.508655857866056,-0.0868197158053601,-0.58213977106361,0.0987141380384588,0.160077742470152,0.206748870371579,-0.267141842934219,0.164674565090635,-0.0239990108157899,-0.138164106726941,-0.344443378283922,-0.38362799014223,0.41283987818929,0.256295737829305,0.31824778846673,-0.0323390775868132,-0.0487552668345464,-0.501573618299646,0.067698499694025,0.356697237787062,-0.261416966465654,0.278280012746852,0.0542356513087465,-0.363241198156251,-0.123994383714348,-0.673034669429898
"malaria",5.42243167060143,0.0343898011135751,-0.0235003825216445,-0.0339259117769739,-0.0426430977198228,0.36647847968288,-0.0526017138325758,0.00612837000494865,0.00808454612556956,-0.0243489484538412,0.0982758084685793,0.0466529478117498,0.0573789138543253,-0.299675351963177,0.123597832631363,0.247751731498103,0.05119094913978,-0.0531417664038332,-0.0332494275658521,0.108601807128453,-0.154356840297822,0.186833756196011,0.369278128207644,-0.159374580206054,-0.102113795524187,-0.065024272520205,-0.0769830742231564,0.0569245487439946,-0.0825056200127028,-0.163844432963615,-0.100191856664953,-0.123223658457092,-0.0489668981374284,0.123395227815671,-0.0289951045260143,-0.0285517550830684,0.0665402108425294,0.149195917472317,0.237764974175672,-0.206300436586537,-0.155741402839016,-0.187369624708688,-0.00327167109254908,0.0143556220448802,0.138539933468101,0.0953080567485259,-0.116498897508859,-0.13883022114047,-0.169699104716885,0.179528930572487,0.317451881752211,0.118133450135214,0.205155485302714,-0.103484364450772,-0.0681726533534165,-0.0324076629354548,0.0769153617510646,0.196984223774541,-0.0184390276541661,0.00623183004897172,0.070406801579025,-0.032358483953704,-0.0580786102088202,-0.15749335397155,-0.0642113883057897,0.163956699696717,-0.141469167307846,-0.0568045864241526,0.165586505933715,0.0916025432838185,-0.0854292312412629,0.103706530164978,-0.0724293150958027,-0.0726084943959125,-0.0184264427751234,-0.144042872160779,-0.188552485063279,0.0650106880458217,0.689358160427481,-0.0259943971504565,-0.0866012877250103,-0.00869838012410004,0.0995725520117396,0.0458701729354266,0.386775032653389,0.0304663752621511,-0.200297886115209,0.131920820796547,0.00415146319983795,0.0557136540569851,0.0606451210654916,-0.121504313540816,-0.186395478066728,0.0214411349701716,-0.0170758923066661,0.00764174206387343,0.0443142175547494,-0.018535126543066,0.0171490245998,-0.41957763679638,-0.186881607797293,-0.0633471127293734,-0.333141735024012,-0.284563221355254,0.068721506009701,-0.168277447359826,0.0658235020361366,0.257809666339935,-0.0185197139947426,-0.0823281493075583,-0.165842053890483,0.213183938953886,-0.164765659072497,0.0221350307768288,0.153654884737205,-0.067292597541668,0.0483819948273853,0.0388502706192829,0.294610946165264,-0.207723257895085,-0.498855138689335,-0.0273230466783175,0.0038695810778289,0.0897064630949465,0.0238969347599268,0.101929771786673,-0.128020904516985,-0.0255189722177245,0.0886813948905355,-0.355328388237172,-0.00680364009640591,0.0256901450396005,0.127836684571344,0.0129431081886308,-0.183485253396334,-0.405267185338895,0.0303047088140725,-0.442193422990282,0.831906874859336,-0.121761429201527,0.445705546443329,0.0286416807364304,-0.0272310717201898,0.0359250870784735,0.0457718876393974,-0.0543737262716925,0.0502475442725601,0.0603955684049476,0.0981885706048294,0.193587255509872,0.259938115059831,0.19857613932935,-0.139657255508763,-0.0668032283895752,-0.0738167954578187,-0.0879472852987281,0.154447132902724,-0.0839149933818884,0.0270126398995111,-0.174529162742472,0.152604068209405,-0.444862066008281
"meningococcal",-30.179074875366,-0.143055635358155,-0.0305449324417471,-0.0401763078709117,-0.0629179892622342,-0.0949014959796983,-0.0816894072497302,-0.0218337852069505,-0.0759549647983848,-0.0283864312589616,-0.00611125132210845,0.0208189406749437,0.00326939055692014,-0.426009554017885,0.0989320936883579,0.211960180655461,0.334281793448978,0.308464770174416,0.0126391434389279,-0.23532050245029,-0.102930673511419,0.171019035420755,-0.0874159224998296,0.0265132384734994,-0.0726140621883092,-0.0633014394879705,0.0630916058565877,-0.0772851976696053,-0.0745416160546963,0.423090375846229,0.154936013219717,-0.163934889881668,0.0752400975702764,-0.0206644215957302,0.0227173106507505,-0.0860684084978035,-0.0633359583979824,-0.103456044301334,-0.0123776777401078,0.297428086607291,-0.116423099907621,0.0865347435265016,-0.0935204559336068,0.0337933515775658,-0.0572133912919297,-0.0122254402429031,-0.084372641253061,-0.146976408685302,0.0938664375418741,-0.064713575530401,-0.0780814657594753,0.147762537515086,0.559805600456896,0.187400695434941,-0.0236593778162536,-0.013367360399052,-0.104613502971418,0.131642933873755,-0.160705369502333,0.00251429148541123,-0.0178301800328345,0.00700331335146819,0.159596322680435,0.0950165964959318,0.0980127924459965,-0.182515093691046,-0.0612030853868273,-0.143281077202477,0.142093237152514,-0.197360008129207,0.0480756699604944,0.0145759584972575,0.0563143741618798,-0.00682283096066486,0.077233805032712,0.224332086318348,-0.0189452938037645,-0.0827563008279764,0.0108922050427066,0.375743064433743,0.155057070377929,-0.286735186290113,-0.242257029829972,0.25656200537613,0.0674696406096495,-0.0552475666941913,0.0938012363161365,-0.0707582828820626,-0.0284799013040211,0.0305799657058904,-0.0735293997924475,-0.163145132754331,0.139130190054024,0.0934212018463196,0.0280878496164589,0.00152887783528305,-0.037984529702403,0.0203513057601826,-0.0551768117469389,-0.0506890632280548,0.018736424201523,0.135422660716584,0.296267365376025,0.162444737781466,-0.188739748567287,0.139907759839801,0.0677626969716801,0.126294578877374,-0.109616834847562,0.118175828424923,0.11739405825446,-0.0118870211824225,-0.0837593301405405,0.0631659818087877,-0.222810105800908,-0.147742546456168,-0.292159175745565,-0.291997003982453,-0.373788271624487,0.126052424035508,0.139784127120557,-0.204008862912629,-0.0505698956348905,0.064327359657035,0.178294903747009,-0.0817620217253814,-0.0848399846327639,0.0191169585458613,-0.114694967799922,0.0767182638915472,-0.000992417582794764,-0.108105481294425,-0.0983255297677349,0.209208230256492,0.00117618434749063,0.276561153944827,0.22259135115601,-0.0886347596274291,0.278052257594845,0.0537353221151307,-0.217038650371573,-0.0843559945947726,-0.225906457252285,-0.180251421316641,-0.0660420130200016,0.409229975074515,-0.0928665165770816,-0.0882862137216318,0.164486326084253,-0.138234565641217,-0.334342418544485,-0.0813248697233031,-0.0626076800895346,0.270027163125371,0.52423642222552,0.0181986839784681,0.468759402202834,0.475529473696853,0.303596132924643,0.0843348670932658,0.189945234106826,0.72086503380804
"pneumo",24.586336695365,-0.0125262132167509,-0.0354793740361031,-0.0147093555103867,0.0114890248139924,0.123099470613315,-0.0550560766179784,-0.178521522858439,0.0666130291021432,-0.0208239610460826,-0.266250830634166,-0.0143253495437574,0.0740773058513633,-0.0477462795780245,0.353062635040973,-0.293604515166002,-0.104113471684645,0.162283749000352,-0.170444061799581,0.0559183350998897,-0.0191555756031081,0.0955449825776301,-0.0210114782096998,-0.19538069047505,0.0382687607539062,0.244018503837741,0.140016623428941,-0.268116050589974,0.0758394630573946,0.0630233829876281,-0.089966151159899,0.139122142840082,0.0660326446895055,-0.0357799081894777,0.178006566292914,0.118270556214704,-0.183764696782869,0.222580745189149,-0.196306776677734,0.137968844301807,-0.0886069786343964,-0.0739114374612409,-0.39238718435724,0.0511167227177385,0.0184282941699968,0.00618420323013688,0.128922010599413,-0.114813155781775,0.103707330775425,-0.100390907693427,-0.0241484991410299,0.0402452341731397,-0.0185969160740645,0.0182917064764314,-0.0837602233983894,-0.0644437843138518,0.10295701850433,-0.274464896166653,-0.0193904705450839,0.0547960602767556,0.0601895411069826,-0.377383797265288,-0.0621272993876355,-0.32031615383138,-0.0984112746571424,-0.0773250430722672,-0.216219192299312,0.0678647981211802,-0.0907009259096582,-0.0186966104149423,-0.200591763419226,0.0125803827029482,-0.065758465514349,0.0643889822664875,-0.129682451634179,-0.225831856153734,0.292902556562574,-0.2048614723851,0.15046222486237,-0.29706487293891,-0.287318821897756,-0.00285490067799277,0.0457186698706611,0.0335317431295791,0.0457973972817811,-0.0196002728397055,-0.0219276954287625,-0.0268016714198565,0.0787911250098649,-0.0406057444491091,0.0241020305112047,0.0260243425059981,-0.0169591190874474,-0.0525009983900186,-0.097618343307205,0.0480315792823689,-0.0461463914572541,0.141440226840737,-0.242053922847325,0.243435187771696,-0.0752372249008966,-0.16844921116222,0.169860181749975,-0.438543056677236,0.197225976431266,0.233114791964888,-0.0498470744266314,0.29329649179606,-0.0284469672488312,-0.102628030090426,0.0357151760848285,-0.0537958757286509,0.0381921599512082,-0.249262529841132,-0.368435004594676,-0.0981947651881313,0.134318297574047,0.226484761165164,-0.282759713931413,0.0485107212136257,-0.658450033350607,0.42267622959804,-0.0627543213640972,-0.259273389491831,0.193152343742764,0.117622560521552,-0.000217940996000257,-0.0426840373044044,-0.286274343091783,-0.179666727397697,0.0751037397941366,-0.187575611679836,-0.0941886904391694,0.0423238349251555,0.168899144652933,0.069674990343975,0.137452522059665,0.210100494511641,-0.512643791649896,0.0483603385509433,-0.0672203271767685,0.0198219238416039,0.130540416393093,0.513493444997808,-0.0157992562223484,0.272748596213578,-0.146306047558318,0.208266087962662,0.498698262644221,-0.184698279666365,-0.0524695932650838,-0.355459562642027,0.357846901427294,0.465945813138108,-0.192901816910944,0.165532559648881,-0.270310034783013,-0.240095623465213,-0.14314668547988,0.126920794401497,-0.132098745463584,0.049674052694454
"rhino",-0.590061275798015,-0.0280435350795284,0.0301368557551716,-0.0154186910605921,-0.0202435248999636,-0.117519165397319,-0.0693894529059885,0.0976954859674438,-0.0435557889970482,-0.0222392470467312,0.118569479407053,0.208430970514435,-0.0306362629572325,-0.5810303098134,-0.15646451671508,-0.0491496949203828,1.55974342824449,-0.0548376318537752,0.335197720010228,0.487269014667535,0.0529903421420405,-0.0404200526299706,-0.0182740895479231,-0.146022964719046,-0.0316534995361326,0.0671682719456062,0.0107026523167088,0.160184145668801,-0.057981151833573,-0.0684292220417008,-0.0794949604802232,0.072309619424167,0.116370477075959,-0.0416917387862551,-0.0447615138753947,0.0490075277282693,0.0849354679608854,-0.150078527900415,0.107743752357757,-0.606416132835757,-0.0944618063046595,0.115635262213126,0.376456169226507,-0.0245540065859697,0.0386479137969606,0.101640052113334,-0.0861707560247042,-0.0818262954596054,-0.0885733348223495,-0.0255017446306393,0.133274310389722,-0.0331662917131646,0.169630131649536,-0.173283296025078,0.0104853773594561,0.0977593300187165,0.0991879730358912,0.503758189765025,-0.153054581311011,0.071189592976473,0.011238591214025,-0.156552178123648,0.0595145275280622,-0.110719214320355,0.0419061100439509,-0.000648296852678309,0.143577720838902,-0.00956981063860365,-0.0262635901769091,0.0936032730750135,0.0786556418485726,-0.0506900389626672,0.100114833720379,0.0602288990237941,-0.00573889124745856,-0.0284447768636384,0.294480721495192,0.0726759490514421,0.144026373935737,-0.23636061111979,-0.180322052574541,0.186320828105417,0.0372475213470904,-0.0597649784775363,-0.0480006319626258,-0.0470926637917735,0.125681861282127,-0.491977861401101,-0.00563347117236441,0.0743493031251594,-0.0715011575991378,0.118432913570604,-0.226220954528394,0.509436923478653,-0.129379386100401,-0.0185987568551075,-0.173325179355022,0.241539545647648,0.140115755888873,0.221153990963509,-0.168577133730581,0.032128304417311,0.199882734128414,-0.401254711383058,-0.0620062409588074,-0.246916396410713,-0.0323775575554515,0.0932772778705216,-0.0147265383067568,-0.132996932640892,-0.458090386197513,0.126037647436017,-0.0847919414552926,0.135457957944093,0.198200863763578,-0.0398494022097183,-0.0156232802721839,-0.135412488219821,-0.049806179805748,-0.197438122947811,0.126842411322846,-0.0693355386819572,0.0631939908261665,-0.30012915934605,0.123455189193751,-0.171741413873164,0.249326755050928,0.140454687355789,0.174208069592738,0.444509831417857,-0.0323554505758495,0.104831466694039,0.0408625401684865,-0.0272024363485553,-0.0974304132485066,0.291457368045825,0.435427410263319,0.397532178057354,-0.487165514213215,-0.103078068365642,0.170844035976101,-0.03480127600539,-0.0334647824738791,0.0886557509377157,0.190855329284969,-0.0694300700568481,0.222224368285783,0.234204555852777,0.100491777964962,-0.084830684182413,0.00424350620536868,-0.542364216883053,-0.222999868098734,0.036633547878201,-0.645515590015587,0.0732809784889823,0.213480430336008,-0.220361867699721,0.0691656781021777,0.014905455894131,-0.258473656394642,0.0263475754384177
"RSV",4.84038189770381,-0.299831648694886,0.0473859464009937,0.000769862668923147,0.0302478655478775,-0.211532290516767,-0.03111328044861,-0.0923247559429524,0.0616408556444827,0.088194490232298,-0.0552308765803598,-0.187514944704269,0.0173528593457046,0.112539412603473,-0.45403932632849,-0.0464244255414392,0.251886388857337,0.210204645856828,0.0380316854309748,0.188878246170873,-0.0188342824277809,-0.190020198207273,0.0448104990280675,-0.10106666812465,-0.130252635578296,0.0837323119937768,0.0115483514573319,0.147771833274702,-0.0453240549472661,-0.139336870156901,-0.208849277561643,0.146594474484139,0.243048906090051,0.331425909977135,-0.215707064782801,0.236025043298194,-0.263970603106576,-0.232144702725724,0.182326514708828,0.518914229449981,0.0878912708074259,0.178111047920998,-0.128121807447104,0.567517350818393,0.0590452626038368,0.00730690602820518,-0.0115542990139333,0.19029301459072,0.0921136018064301,0.0417969605169541,-0.0599412414001792,-0.0326180531572129,-0.351804751808961,0.269001578464991,-0.0250074806214011,0.00600602675060622,-0.239853340307986,0.367925657641542,-0.116893642092076,0.0393331650759485,-0.0607299830703688,-0.0288733374902861,0.00101641854454684,0.0764175630012458,0.122264184556074,0.0216852675152655,-0.200830114471677,-0.0780519089171424,0.0775331295284932,-0.0376933653110969,0.116909403667248,0.0699228489901072,-0.140388815651426,-0.038621567138344,0.0224765141215284,-0.0267989978092985,-0.146759824821825,-0.0661992007301981,-0.0777370185810013,-0.433348218497837,-0.155563066456629,0.0582105503443237,-0.00146217005079351,-0.0600142032462032,0.0881082853199665,-0.0174011872933353,-0.211829175468864,-0.408774354183627,-0.0483774948492386,-0.108538713096642,-0.138603192172193,-0.0605857245085758,0.0678275737010845,0.161239581093999,-0.141286910384691,0.0205810873238165,-0.0290069786375467,-0.333180885800018,0.127681203564807,-0.211396416581593,-0.0294858680545348,-0.127557778154366,0.107681675203172,0.270682204799209,-0.269922863040798,0.00742665902758019,-0.114976101344838,-0.439176405230164,0.0815622258231966,0.0621796335088191,0.14750603093237,0.0143457715022275,-0.180898080927218,0.104295703481624,0.449808474402193,-0.248548133527443,-0.090548767614632,-0.30266510083112,-0.224363411523574,-0.194007790836299,0.242108588074223,0.22853550192582,0.00737101282030976,-0.0287655891010406,0.161119868521636,-0.0669813083997976,-0.0746868614987824,0.100804530115778,0.215238299306542,0.288403217630613,0.0304147173263564,-0.0467326097704235,-0.15530438932306,0.0758655045284971,-0.33411443575457,0.0398833128754146,0.17961457657399,-0.139313535068031,-0.368375310704802,0.0204543783771086,0.156190991230638,-0.0164335776146023,-0.166822966957893,-0.313125905980984,-0.238789329628696,-0.509623781340688,-0.108643787842269,-0.2569526361818,-0.700973707618477,0.172185623402802,0.385369125001112,0.331235198626432,-0.312677601830846,0.224199363276724,0.564086081869391,-0.0222151392085056,0.0812366739536928,0.0321501222641684,-0.620802035944582,0.120416628023437,0.121824632696859,0.440014185194937
"SLE",14.4383710436051,-0.212637305889289,-0.0992023796004338,0.161499204821518,0.184714616855588,0.0613516372370083,0.346512908533684,-0.0123191672011666,0.183405394716097,0.0913366165603904,-0.175296523874415,0.105543366476286,-0.18679083207047,-0.0659011914350677,-0.670777135144815,-0.146641440107383,-0.615252385838894,-0.113650431021222,-0.210411266202064,-0.0657606267445582,0.112598782865439,0.0634999415678041,-0.099238865357716,-0.02851749036602,0.106620006519156,0.0661827373899252,-0.0295245160438641,0.018880866237185,-0.140578119071567,-0.210993989339359,0.00999301072453838,-0.0451061409864502,0.243459637561436,0.0223341312038441,-0.148496048995356,-0.144866523811392,-0.131863529460809,0.0957924004906657,-0.152843371634346,-0.5856218916901,-0.108101143157888,0.068867556102797,-0.0857273872149145,0.305238264329625,-0.0802537441390978,-0.148359399410176,-0.0798515134306341,0.0898275918960944,-0.0812494542690498,0.13652389550769,0.317210322238313,-0.052479242586512,-0.168152010291013,0.112756995419522,0.0605874176738801,0.0282996879590563,0.353760383829414,0.149512592318089,-0.151769733799802,-0.21443372632656,-0.0261917033048243,-0.254088685733068,0.235703673635368,-0.028289191284384,-0.172882675620955,0.116476618291374,0.157806542071426,-0.0371237483165686,-0.0634896178535247,0.205271733763972,0.157771626798761,0.00465022929288829,-0.048043384318549,0.0154680381321446,-0.1204009517895,0.0515155785623356,0.292404475594351,-0.221477668049198,-0.0936722638638095,-0.264660603295774,-0.185098451651585,0.131181242186891,0.208326109839591,-0.0509082515960277,0.0273491639344622,0.318801902438185,0.436315870683431,-0.131263013229164,-0.169429490148779,0.025013726705493,-0.20493028338085,0.166242339382426,-0.0578461280574699,-0.139602656998981,-0.0858437523880597,0.0621008632955784,-0.135639548869101,0.274981230921923,-0.0722900448328355,-0.113288502929971,-0.000353203746290051,0.150839705995284,-0.55335498202034,0.0713024926191197,0.207976675668164,-0.210338684393558,0.333445525672618,0.442973188779651,0.363853856684322,-0.231086181927199,-0.0348937507868581,-0.201543486289823,0.160578482079066,-0.0623669409281933,-0.191747545089353,-0.446467015635531,0.279929555362574,-0.115770181324754,0.564262819941901,-0.215125557984569,0.559449547042625,-0.151582514347475,-0.0768523658218798,-0.101305171522534,-0.128588060175414,-0.254727333180382,-0.224073396815817,0.0835852771810533,0.159684860896824,-0.109290591443213,0.0383240914074308,-0.0647529565481543,-0.0976622843672941,-0.11785201126348,-0.0273400073212844,-0.214830056120115,-0.142150539944783,-0.117553017904635,-0.0103391247999252,0.3401037190113,-0.000500169617605689,0.367477536175641,0.371174123177885,0.0954615492921052,-0.204031380091615,-0.15471831007564,0.0317564303715775,-0.00183813539209493,0.386642109635507,-0.195188788097873,-0.158084826340386,-0.0555030986687513,0.224614023829345,0.0281129890152533,-0.294220605625115,-0.0386214309733949,0.171682181730127,0.344112641482965,-0.134207390419986,0.0497602262721738,-0.295076437181543,-0.389556268898231
"staph",-0.053864771432217,0.169657621657308,0.204107971624723,-0.0415822030356364,0.104609193865505,0.165122336760729,0.136512163687176,0.259418129603493,-0.103977291203311,-0.112338627507043,0.21774850611846,0.0413226709941157,-0.274512842685589,-0.337820781528207,0.133319693234936,-0.115462905588203,0.182891859283805,-0.0831590491456584,0.111237727376611,-0.024301387936465,0.00118442969456864,-0.0118111439334765,-0.09594866908277,0.382716987965326,0.0725053566659841,0.0890871830039108,0.0373150464943501,-0.156412398735897,-0.0531991096210872,0.0445647519855273,-0.256497254919116,-0.0745037748355124,-0.663286977508041,0.0695612864267465,0.167037486311485,-0.132177642404804,0.045231471521173,0.151474552170761,0.0242051574279962,-0.312080601072579,0.183205608199075,0.125096868790648,-0.318626292660427,-1.29453707797587,-0.170207317910177,-0.232214160971508,-0.106319769351029,-0.0200299167593708,0.0726487592802624,-0.107112076263135,0.00828432326492053,-0.00476092551629113,0.154447729274542,0.0820933691801447,0.108887639622719,-0.0614587922551285,0.000496597596699453,0.250910547522465,0.350294606899606,-0.0143220999268882,-0.0602469573989471,0.242466430475104,0.0454990765000442,-0.472706095927916,-0.010209335545443,0.126123994971847,-0.10403776272349,0.00330709328930732,-0.107240643618834,0.142549018892013,0.0541208172245172,-0.0555267011334431,0.131327918077645,0.139058943991579,-0.0724850176703779,0.673084078668725,-0.281954649796434,-0.0443889429004361,0.00127041508843194,-0.20050596791322,-0.149197620961955,0.040157486932501,0.215080778414031,-0.159096077452815,-0.0296913285400374,-0.0204735213158377,-0.405193425595626,0.174250524193384,-0.207673903597785,-0.183209503046146,-0.167777357349013,0.133411770269832,0.309374637982875,0.41596959063812,-0.144978324959533,-0.0553965086123233,-0.170986683249993,-0.174683708516956,-0.000530924289926913,-0.0616418757202341,0.0918740291437911,-0.17321733371372,-0.0507566750345466,0.0672425069313496,-0.0175513209336878,0.16343537609628,-0.229706642236042,0.12812244465715,0.0781779393253361,0.206947196615318,0.349487271839165,-0.174310475706217,0.144447549571715,0.147945508429185,-0.221029974413907,0.797040980738598,0.00644521682590656,0.305466130044747,0.11706707608292,0.121930444921918,0.119452714791681,-0.0916810492114436,0.324621495945073,-0.067574660804461,0.345982942351296,0.205640401819189,-0.183852902156991,-0.0352087151378625,0.0543127908189508,0.0818818664119868,-0.0811494309890014,0.123009422762975,-0.143853954674008,-0.0190129373432597,0.167429240158992,0.607578765238484,-0.251096259124783,-0.516543977381039,-0.0224449507593114,0.24805988138627,0.153657660721526,0.179582725527895,-0.0600115614335431,-0.463002875227336,0.380204873487864,0.325141383696306,-0.136809015528417,0.17571847877706,0.420387047877194,-0.123459279264915,-0.165862273065613,0.700363251791186,-0.109947275371393,-0.0537923734294071,-0.153661177335728,-0.096269354434145,-0.232063513070654,-0.622800249599606,-0.100389196611616,0.332039264451991,0.434473021401186,-0.144256473218932
"TB",1.81093626356337,-0.186617215276642,-0.0109577565133584,0.00876070290862471,-0.0530357459740465,0.19339741995803,-0.0192073549144308,0.116979658895531,0.00742814567715556,-0.0304550666557207,-0.0981492525157582,0.160351626605742,0.0654452199874471,-0.223679036072289,0.115858788740907,0.181775814515521,0.32284052787164,-0.391155047230614,-0.0876585266132245,-0.0846025406935416,0.0443416207589309,-0.0253521776814724,0.0943321555458037,0.250770049397116,0.0316498334283334,-0.0270222033360724,-0.152321803875816,-0.0385174039312505,-0.0914459759777731,-0.098541527681279,-0.0547802861749213,-0.161922070827181,0.151035905278443,0.0481486370193845,0.143892072237324,0.0382734371403466,0.00788143159403334,0.0492515205145814,0.170085130878147,-0.0141504662500669,0.0913529164736216,0.136645770120699,-0.0712977975297326,0.13532232751158,-0.0350587571402472,-0.0890853098885379,0.18112430063681,0.0994381150720531,-0.240270149937247,-0.0891088005671872,-0.0789773335555329,0.0391548970895442,-0.227996181608383,0.231853716955069,0.0776870025349443,-0.129883489381602,-0.058290370427634,-0.031154097064491,0.0479010597237679,0.104682851666122,0.0395764834245995,0.00981552292086163,-0.00456086040569036,0.221454647890256,0.233975159779925,0.0219570358272698,0.0305148361984466,0.167137779891951,-0.0148791249127462,-0.0304821681926469,0.146004275062422,-0.0382120471400913,0.0361134086231352,0.0354857051928459,-0.0245208360527163,0.0406145277493153,0.298004108975363,-0.0545179454156594,0.0815411338766737,0.34563181633651,0.197077661691961,0.111578318313198,-0.0364949223022109,0.00335233137254763,-0.0678653574701946,-0.0191234474581284,-0.014641504627427,0.028987733744511,-0.0475413907745442,-0.130095038411651,-0.426567043739261,-0.005076092731842,0.0962667153187292,-0.191420372155938,0.0648027563550336,0.0121179588471146,0.188946432185305,0.698944185260734,0.642718293646216,0.249367205575849,-0.0658578831102462,-0.0217787237407555,-0.105069216623388,-0.313632492021339,-0.177780341416319,-0.116299812145894,0.134781237261296,-0.407454442110315,-0.110323948336931,-0.00441527073215885,-0.0154875566298822,0.0297732741505154,-0.360795668156402,-0.353864588236093,-0.324935442856278,-0.832849106533846,0.194192294236221,0.377773077112507,-0.416111536352943,0.329453971832678,-0.193522256476063,-0.241205025649473,-0.078483412225601,0.542099732746013,-0.0102231706548679,-0.0407791632833787,-0.264005176123132,-0.0818061838119694,0.353573060744799,-0.495966850124734,0.0219052391008749,0.0983441724625867,0.0262006268903925,-0.22857088331142,0.374454369267831,-0.488639057206347,-0.631344022468649,-0.377999613276633,0.166632196609157,0.25985600623222,-0.408389682050343,0.073100638755699,0.122492463030731,0.138355983985956,-0.029798421347695,0.1782298648798,0.377596678980192,-5.69454783638856e-05,-0.516934962183915,-0.164010850608122,0.404671118038111,0.00511025837944336,-0.146041351562418,-0.25906842475401,0.513172410956189,-0.173943099503553,-0.568357258442523,-0.618386719551444,0.680865130176414,-0.16101602017759,-0.0213815218867493,-0.218494077443881
